,FECHA,RachaMax
0,2011-01-01,0.0
1,2011-01-02,0.0
2,2011-01-03,0.0
3,2011-01-04,0.0
4,2011-01-05,0.0
5,2011-01-06,0.0
6,2011-01-07,0.0
7,2011-01-08,0.0
8,2011-01-09,0.0
9,2011-01-10,0.0
10,2011-01-11,0.0
11,2011-01-12,0.0
12,2011-01-13,0.0
13,2011-01-14,0.0
14,2011-01-15,0.0
15,2011-01-16,0.0
16,2011-01-17,0.0
17,2011-01-18,0.0
18,2011-01-19,0.0
19,2011-01-20,0.0
20,2011-01-21,0.0
21,2011-01-22,0.0
22,2011-01-23,0.0
23,2011-01-24,0.0
24,2011-01-25,0.0
25,2011-01-26,0.0
26,2011-01-27,0.0
27,2011-01-28,0.0
28,2011-01-29,0.0
29,2011-01-30,0.0
30,2011-01-31,0.0
31,2011-02-01,0.0
32,2011-02-02,0.0
33,2011-02-03,0.0
34,2011-02-04,0.0
35,2011-02-05,0.0
36,2011-02-06,0.0
37,2011-02-07,0.0
38,2011-02-08,0.0
39,2011-02-09,0.0
40,2011-02-10,0.0
41,2011-02-11,0.0
42,2011-02-12,0.0
43,2011-02-13,0.0
44,2011-02-15,0.0
45,2011-02-16,0.0
46,2011-02-17,0.0
47,2011-02-18,0.0
48,2011-02-19,0.0
49,2011-02-20,0.0
50,2011-02-21,0.0
51,2011-02-22,0.0
52,2011-02-23,0.0
53,2011-02-24,0.0
54,2011-02-25,0.0
55,2011-02-26,0.0
56,2011-02-27,0.0
57,2011-02-28,0.0
58,2011-03-01,0.0
59,2011-03-02,0.0
60,2011-03-03,0.0
61,2011-03-04,0.0
62,2011-03-05,0.0
63,2011-03-06,0.0
64,2011-03-07,0.0
65,2011-03-08,0.0
66,2011-03-09,0.0
67,2011-03-10,0.0
68,2011-03-11,0.0
69,2011-03-12,0.0
70,2011-03-13,0.0
71,2011-03-14,0.0
72,2011-03-15,0.0
73,2011-03-16,0.0
74,2011-03-17,0.0
75,2011-03-18,0.0
76,2011-03-19,0.0
77,2011-03-20,0.0
78,2011-03-21,0.0
79,2011-03-22,0.0
80,2011-03-23,0.0
81,2011-03-24,0.0
82,2011-03-25,0.0
83,2011-03-26,0.0
84,2011-03-27,0.0
85,2011-03-28,0.0
86,2011-03-29,0.0
87,2011-03-30,0.0
88,2011-03-31,0.0
89,2011-04-01,0.0
90,2011-04-02,0.0
91,2011-04-03,0.0
92,2011-04-04,0.0
93,2011-04-05,0.0
94,2011-04-06,0.0
95,2011-04-07,0.0
96,2011-04-08,0.0
97,2011-04-09,0.0
98,2011-04-10,0.0
99,2011-04-11,0.0
100,2011-04-12,0.0
101,2011-04-13,0.0
102,2011-04-14,0.0
103,2011-04-15,0.0
104,2011-04-16,0.0
105,2011-04-17,0.0
106,2011-04-18,0.0
107,2011-04-19,0.0
108,2011-04-20,0.0
109,2011-04-21,0.0
110,2011-04-22,0.0
111,2011-04-23,0.0
112,2011-04-24,0.0
113,2011-04-25,0.0
114,2011-04-26,0.0
115,2011-04-27,0.0
116,2011-04-28,0.0
117,2011-04-29,0.0
118,2011-04-30,0.0
119,2011-05-01,0.0
120,2011-05-02,0.0
121,2011-05-03,0.0
122,2011-05-04,0.0
123,2011-05-05,0.0
124,2011-05-06,0.0
125,2011-05-07,0.0
126,2011-05-08,0.0
127,2011-05-09,0.0
128,2011-05-10,0.0
129,2011-05-11,0.0
130,2011-05-12,0.0
131,2011-05-13,0.0
132,2011-05-14,0.0
133,2011-05-15,0.0
134,2011-05-16,0.0
135,2011-05-17,0.0
136,2011-05-18,0.0
137,2011-05-19,0.0
138,2011-05-20,0.0
139,2011-05-21,0.0
140,2011-05-22,0.0
141,2011-05-23,0.0
142,2011-05-24,0.0
143,2011-05-25,0.0
144,2011-05-26,0.0
145,2011-05-27,0.0
146,2011-05-28,0.0
147,2011-05-29,0.0
148,2011-05-30,0.0
149,2011-05-31,37.08
150,2011-06-01,0.0
151,2011-06-02,0.0
152,2011-06-03,0.0
153,2011-06-04,0.0
154,2011-06-05,0.0
155,2011-06-06,0.0
156,2011-06-07,0.0
157,2011-06-08,0.0
158,2011-06-09,0.0
159,2011-06-10,0.0
160,2011-06-11,0.0
161,2011-06-12,0.0
162,2011-06-13,0.0
163,2011-06-14,0.0
164,2011-06-15,0.0
165,2011-06-16,0.0
166,2011-06-17,0.0
167,2011-06-18,0.0
168,2011-06-19,0.0
169,2011-06-20,0.0
170,2011-06-21,0.0
171,2011-06-22,0.0
172,2011-06-23,0.0
173,2011-06-24,0.0
174,2011-06-25,0.0
175,2011-06-26,0.0
176,2011-06-27,0.0
177,2011-06-28,0.0
178,2011-06-29,0.0
179,2011-06-30,0.0
180,2011-07-01,0.0
181,2011-07-02,0.0
182,2011-07-03,0.0
183,2011-07-04,0.0
184,2011-07-05,0.0
185,2011-07-06,0.0
186,2011-07-07,0.0
187,2011-07-08,0.0
188,2011-07-09,0.0
189,2011-07-10,0.0
190,2011-07-11,0.0
191,2011-07-12,0.0
192,2011-07-13,0.0
193,2011-07-14,0.0
194,2011-07-15,0.0
195,2011-07-16,0.0
196,2011-07-17,0.0
197,2011-07-18,0.0
198,2011-07-19,0.0
199,2011-07-20,0.0
200,2011-07-21,0.0
201,2011-07-23,0.0
202,2011-07-24,0.0
203,2011-07-25,0.0
204,2011-07-26,0.0
205,2011-08-02,0.0
206,2011-08-03,0.0
207,2011-08-04,0.0
208,2011-08-05,0.0
209,2011-08-06,0.0
210,2011-08-07,0.0
211,2011-08-08,0.0
212,2011-08-09,0.0
213,2011-08-10,0.0
214,2011-08-11,0.0
215,2011-08-12,0.0
216,2011-08-13,0.0
217,2011-08-14,0.0
218,2011-08-15,0.0
219,2011-08-16,0.0
220,2011-08-17,0.0
221,2011-08-18,0.0
222,2011-08-19,0.0
223,2011-08-20,0.0
224,2011-08-21,0.0
225,2011-08-22,0.0
226,2011-08-23,0.0
227,2011-08-24,0.0
228,2011-08-25,0.0
229,2011-08-26,0.0
230,2011-08-27,0.0
231,2011-08-28,0.0
232,2011-08-29,0.0
233,2011-08-30,0.0
234,2011-08-31,0.0
235,2011-09-01,0.0
236,2011-09-02,0.0
237,2011-09-03,0.0
238,2011-09-04,0.0
239,2011-09-05,0.0
240,2011-09-06,0.0
241,2011-09-09,0.0
242,2011-09-10,0.0
243,2011-09-11,0.0
244,2011-09-12,0.0
245,2011-09-13,0.0
246,2011-09-14,0.0
247,2011-09-15,0.0
248,2011-09-16,0.0
249,2011-09-17,0.0
250,2011-09-18,0.0
251,2011-09-19,0.0
252,2011-09-20,0.0
253,2011-09-27,0.0
254,2011-09-28,0.0
255,2011-09-29,0.0
256,2011-09-30,0.0
257,2011-10-01,0.0
258,2011-10-02,0.0
259,2011-10-04,0.0
260,2011-10-05,0.0
261,2011-10-06,0.0
262,2011-10-07,0.0
263,2011-10-08,0.0
264,2011-10-09,0.0
265,2011-10-10,0.0
266,2011-10-11,0.0
267,2011-10-12,0.0
268,2011-10-13,0.0
269,2011-10-16,0.0
270,2011-10-17,38.88
271,2011-10-18,36.0
272,2011-10-19,28.08
273,2011-10-22,34.92
274,2011-10-24,41.04
275,2011-10-25,55.08
276,2011-10-26,33.12
277,2011-10-27,29.88
278,2011-10-28,14.04
279,2011-10-29,19.08
280,2011-10-30,20.16
281,2011-10-31,29.88
282,2011-11-01,33.12
283,2011-11-02,51.12
284,2011-11-04,25.92
285,2011-11-05,34.92
286,2011-11-06,33.12
287,2011-11-07,0.0
288,2011-11-08,30.96
289,2011-11-12,0.0
290,2011-11-13,29.16
291,2011-11-14,24.12
292,2011-11-15,24.12
293,2011-11-16,23.04
294,2011-11-17,24.12
295,2011-11-18,20.88
296,2011-11-19,0.0
297,2011-11-20,0.0
298,2011-11-21,33.12
299,2011-11-22,33.12
300,2011-11-23,32.04
301,2011-11-24,21.96
302,2011-11-25,0.0
303,2011-11-26,24.84
304,2011-11-27,20.88
305,2011-11-28,0.0
306,2011-11-29,21.96
307,2011-11-30,19.08
308,2011-12-01,0.0
309,2011-12-02,25.92
310,2011-12-03,0.0
311,2011-12-04,32.04
312,2011-12-05,0.0
313,2011-12-06,0.0
314,2011-12-08,0.0
315,2011-12-09,0.0
316,2011-12-10,0.0
317,2011-12-12,0.0
318,2011-12-13,0.0
319,2011-12-14,43.92
320,2011-12-15,33.12
321,2011-12-16,48.96
322,2011-12-17,42.12
323,2011-12-18,0.0
324,2011-12-19,28.08
325,2011-12-20,33.12
326,2011-12-21,33.12
327,2011-12-22,0.0
328,2011-12-23,24.12
329,2011-12-24,24.12
330,2011-12-25,19.08
331,2011-12-26,18.0
332,2011-12-27,23.04
333,2011-12-28,24.12
334,2011-12-29,0.0
335,2011-12-30,38.16
336,2012-01-01,20.88
337,2012-01-02,46.08
338,2012-01-03,28.08
339,2012-01-04,24.12
340,2012-01-05,36.0
341,2012-01-06,28.08
342,2012-01-07,29.88
343,2012-01-08,27.0
344,2012-01-09,23.04
345,2012-01-10,18.0
346,2012-01-11,23.04
347,2012-01-12,16.92
348,2012-01-13,30.96
349,2012-01-14,18.0
350,2012-01-15,19.08
351,2012-01-16,29.88
352,2012-01-17,29.16
353,2012-01-18,18.0
354,2012-01-19,28.08
355,2012-01-20,30.96
356,2012-01-21,0.0
357,2012-01-22,0.0
358,2012-01-23,27.0
359,2012-01-24,28.08
360,2012-01-25,20.88
361,2012-01-27,20.88
362,2012-01-28,30.96
363,2012-01-29,27.0
364,2012-01-30,27.0
365,2012-01-31,36.0
366,2012-02-02,23.04
367,2012-02-03,25.92
368,2012-02-04,0.0
369,2012-02-05,0.0
370,2012-02-06,32.04
371,2012-02-08,28.08
372,2012-02-09,32.04
373,2012-02-10,38.16
374,2012-02-11,36.0
375,2012-02-13,30.96
376,2012-02-14,24.12
377,2012-02-15,38.88
378,2012-02-16,36.0
379,2012-02-17,32.04
380,2012-02-18,30.96
381,2012-02-19,28.08
382,2012-02-20,37.08
383,2012-02-21,27.0
384,2012-02-22,33.12
385,2012-02-23,34.92
386,2012-02-24,36.0
387,2012-02-25,20.88
388,2012-02-26,43.92
389,2012-02-27,33.12
390,2012-02-28,34.92
391,2012-02-29,33.12
392,2012-03-01,34.92
393,2012-03-02,33.84
394,2012-03-03,34.92
395,2012-03-04,39.96
396,2012-03-05,50.04
397,2012-03-06,33.12
398,2012-03-07,34.92
399,2012-03-08,48.96
400,2012-03-09,38.88
401,2012-03-10,36.0
402,2012-03-11,39.96
403,2012-03-12,25.92
404,2012-03-13,37.08
405,2012-03-14,39.96
406,2012-03-15,38.88
407,2012-03-16,38.88
408,2012-03-17,37.08
409,2012-03-18,51.12
410,2012-03-19,47.16
411,2012-03-20,36.0
412,2012-03-21,33.12
413,2012-03-22,36.0
414,2012-03-23,34.92
415,2012-03-24,37.08
416,2012-03-25,33.12
417,2012-03-26,42.84
418,2012-03-27,34.92
419,2012-03-28,34.92
420,2012-03-29,37.08
421,2012-03-30,39.96
422,2012-03-31,38.88
423,2012-04-01,41.04
424,2012-04-02,41.04
425,2012-04-03,33.12
426,2012-04-04,23.04
427,2012-04-05,23.04
428,2012-04-06,51.12
429,2012-04-07,50.04
430,2012-04-08,43.92
431,2012-04-09,36.0
432,2012-04-10,66.96
433,2012-04-11,54.0
434,2012-04-12,32.04
435,2012-04-13,42.12
436,2012-04-14,38.88
437,2012-04-15,55.08
438,2012-04-16,39.96
439,2012-04-17,37.08
440,2012-04-18,55.08
441,2012-04-19,61.92
442,2012-04-20,56.88
443,2012-04-21,48.96
444,2012-04-22,51.12
445,2012-04-23,42.12
446,2012-04-24,54.0
447,2012-04-25,54.0
448,2012-04-26,41.04
449,2012-04-27,39.96
450,2012-04-28,42.84
451,2012-04-29,39.96
452,2012-04-30,38.88
453,2012-05-01,38.88
454,2012-05-02,33.84
455,2012-05-03,38.88
456,2012-05-04,39.96
457,2012-05-05,41.04
458,2012-05-06,43.92
459,2012-05-07,38.16
460,2012-05-08,41.04
461,2012-05-09,42.84
462,2012-05-10,41.04
463,2012-05-11,37.08
464,2012-05-12,39.96
465,2012-05-13,47.88
466,2012-05-14,41.04
467,2012-05-15,43.92
468,2012-05-16,38.88
469,2012-05-17,30.96
470,2012-05-18,51.84
471,2012-05-19,48.96
472,2012-05-20,36.0
473,2012-05-21,57.96
474,2012-05-22,37.08
475,2012-05-23,33.84
476,2012-05-24,51.12
477,2012-05-25,33.84
478,2012-05-26,42.12
479,2012-05-27,42.84
480,2012-05-28,0.0
481,2012-05-29,38.88
482,2012-05-30,36.0
483,2012-06-01,47.16
484,2012-06-02,61.92
485,2012-06-03,38.88
486,2012-06-04,43.92
487,2012-06-05,41.04
488,2012-06-06,50.04
489,2012-06-07,39.96
490,2012-06-08,37.08
491,2012-06-09,45.0
492,2012-06-10,0.0
493,2012-06-11,46.08
494,2012-06-12,47.88
495,2012-06-15,0.0
496,2012-06-16,42.84
497,2012-06-17,39.96
498,2012-06-18,56.88
499,2012-06-19,38.88
500,2012-06-20,39.96
501,2012-06-21,45.0
502,2012-06-22,38.88
503,2012-06-23,36.0
504,2012-06-24,51.12
505,2012-06-25,0.0
506,2012-06-26,0.0
507,2012-06-27,41.04
508,2012-06-28,43.92
509,2012-06-30,43.92
510,2012-07-01,0.0
511,2012-07-04,42.84
512,2012-07-06,0.0
513,2012-07-07,34.92
514,2012-07-08,48.96
515,2012-07-09,39.96
516,2012-07-10,38.88
517,2012-07-11,38.16
518,2012-07-12,43.92
519,2012-07-13,41.04
520,2012-07-14,48.96
521,2012-07-15,45.0
522,2012-07-16,34.92
523,2012-07-17,42.84
524,2012-07-18,39.96
525,2012-07-19,46.08
526,2012-07-20,39.96
527,2012-07-21,0.0
528,2012-07-22,46.08
529,2012-07-23,0.0
530,2012-07-24,37.08
531,2012-07-25,41.04
532,2012-07-26,41.04
533,2012-07-27,42.12
534,2012-07-28,42.12
535,2012-07-29,38.16
536,2012-07-30,41.04
537,2012-07-31,38.88
538,2012-08-01,48.96
539,2012-08-02,41.04
540,2012-08-03,0.0
541,2012-08-04,0.0
542,2012-08-05,41.04
543,2012-08-06,47.88
544,2012-08-07,47.16
545,2012-08-08,38.16
546,2012-08-09,42.12
547,2012-08-10,43.92
548,2012-08-11,55.08
549,2012-08-12,42.12
550,2012-08-13,39.96
551,2012-08-14,41.04
552,2012-08-15,51.12
553,2012-08-16,43.92
554,2012-08-17,39.96
555,2012-08-18,42.12
556,2012-08-19,48.96
557,2012-08-20,42.12
558,2012-08-21,47.88
559,2012-08-22,38.16
560,2012-08-23,42.12
561,2012-08-24,43.92
562,2012-08-25,45.0
563,2012-08-26,46.08
564,2012-08-27,43.92
565,2012-08-28,48.96
566,2012-08-29,39.96
567,2012-08-30,56.88
568,2012-08-31,38.16
569,2012-09-01,38.88
570,2012-09-02,32.04
571,2012-09-03,34.92
572,2012-09-04,38.16
573,2012-09-05,34.92
574,2012-09-06,37.08
575,2012-09-07,36.0
576,2012-09-08,36.0
577,2012-09-09,36.0
578,2012-09-10,38.16
579,2012-09-11,36.0
580,2012-09-12,50.04
581,2012-09-13,48.96
582,2012-09-14,43.92
583,2012-09-15,39.96
584,2012-09-16,37.08
585,2012-09-17,32.04
586,2012-09-18,30.96
587,2012-09-19,42.12
588,2012-09-20,0.0
589,2012-09-21,29.88
590,2012-09-22,39.96
591,2012-09-23,37.08
592,2012-09-24,51.84
593,2012-09-25,45.0
594,2012-09-26,46.08
595,2012-09-27,38.88
596,2012-09-28,20.16
597,2012-09-29,24.12
598,2012-09-30,29.16
599,2012-10-01,39.96
600,2012-10-02,39.96
601,2012-10-03,32.04
602,2012-10-04,33.12
603,2012-10-05,30.96
604,2012-10-06,34.92
605,2012-10-07,36.0
606,2012-10-08,48.96
607,2012-10-09,54.0
608,2012-10-10,39.96
609,2012-10-11,39.96
610,2012-10-12,34.92
611,2012-10-13,38.16
612,2012-10-14,47.16
613,2012-10-15,38.88
614,2012-10-16,20.88
615,2012-10-17,36.0
616,2012-10-19,29.88
617,2012-10-20,37.08
618,2012-10-21,37.08
619,2012-10-22,24.84
620,2012-10-23,23.04
621,2012-10-24,28.08
622,2012-10-25,21.96
623,2012-10-26,36.0
624,2012-10-27,51.12
625,2012-10-28,52.92
626,2012-10-29,24.12
627,2012-10-30,20.88
628,2012-10-31,47.16
629,2012-11-01,55.08
630,2012-11-02,45.0
631,2012-11-03,29.88
632,2012-11-04,41.04
633,2012-11-05,45.0
634,2012-11-06,30.96
635,2012-11-07,20.16
636,2012-11-08,29.88
637,2012-11-09,24.12
638,2012-11-10,36.0
639,2012-11-11,21.96
640,2012-11-12,32.04
641,2012-11-13,24.84
642,2012-11-14,33.12
643,2012-11-15,28.08
644,2012-11-16,34.92
645,2012-11-17,21.96
646,2012-11-18,30.96
647,2012-11-19,30.96
648,2012-11-20,24.84
649,2012-11-21,23.04
650,2012-11-22,21.96
651,2012-11-23,29.16
652,2012-11-24,29.16
653,2012-11-25,24.12
654,2012-11-26,33.84
655,2012-11-27,33.12
656,2012-11-28,52.92
657,2012-11-29,34.92
658,2012-11-30,32.04
659,2012-12-01,24.12
660,2012-12-02,38.16
661,2012-12-03,27.0
662,2012-12-04,47.88
663,2012-12-05,51.84
664,2012-12-06,27.0
665,2012-12-07,30.96
666,2012-12-08,45.0
667,2012-12-09,24.84
668,2012-12-10,20.88
669,2012-12-11,16.92
670,2012-12-12,20.16
671,2012-12-13,20.16
672,2012-12-14,33.12
673,2012-12-15,43.92
674,2012-12-16,42.84
675,2012-12-17,38.88
676,2012-12-18,28.08
677,2012-12-19,18.0
678,2012-12-20,36.0
679,2012-12-21,34.92
680,2012-12-22,20.88
681,2012-12-23,20.88
682,2012-12-24,24.12
683,2012-12-25,28.08
684,2012-12-26,33.84
685,2012-12-27,33.84
686,2012-12-28,20.16
687,2012-12-29,32.04
688,2012-12-30,27.0
689,2012-12-31,20.88
690,2013-01-01,18.0
691,2013-01-02,20.88
692,2013-01-03,23.04
693,2013-01-04,25.92
694,2013-01-05,29.88
695,2013-01-06,24.84
696,2013-01-07,19.08
697,2013-01-08,29.16
698,2013-01-09,37.08
699,2013-01-10,47.16
700,2013-01-11,28.08
701,2013-01-12,20.88
702,2013-01-13,28.08
703,2013-01-14,33.12
704,2013-01-15,42.12
705,2013-01-16,52.92
706,2013-01-17,43.92
707,2013-01-18,20.88
708,2013-01-19,38.88
709,2013-01-20,47.88
710,2013-01-21,38.88
711,2013-01-22,32.04
712,2013-01-23,59.04
713,2013-01-24,30.96
714,2013-01-25,43.92
715,2013-01-26,34.92
716,2013-01-27,29.88
717,2013-01-28,48.96
718,2013-01-29,29.88
719,2013-01-30,33.12
720,2013-01-31,29.88
721,2013-02-01,45.0
722,2013-02-02,61.92
723,2013-02-03,52.92
724,2013-02-04,33.84
725,2013-02-05,65.88
726,2013-02-06,51.12
727,2013-02-07,45.0
728,2013-02-08,18.0
729,2013-02-09,38.16
730,2013-02-10,37.08
731,2013-02-11,51.84
732,2013-02-12,47.16
733,2013-02-13,45.0
734,2013-02-14,30.96
735,2013-02-15,29.88
736,2013-02-16,28.08
737,2013-02-17,29.88
738,2013-02-18,29.88
739,2013-02-19,24.12
740,2013-02-20,30.96
741,2013-02-21,32.04
742,2013-02-22,45.0
743,2013-02-23,41.04
744,2013-02-24,42.84
745,2013-02-25,18.0
746,2013-02-26,21.96
747,2013-02-27,21.96
748,2013-02-28,42.12
749,2013-03-01,55.08
750,2013-03-02,29.88
751,2013-03-03,34.92
752,2013-03-04,32.04
753,2013-03-05,33.12
754,2013-03-06,34.92
755,2013-03-07,39.96
756,2013-03-08,42.12
757,2013-03-09,45.0
758,2013-03-10,60.12
759,2013-03-11,54.0
760,2013-03-12,39.96
761,2013-03-13,28.08
762,2013-03-14,55.08
763,2013-03-15,41.04
764,2013-03-16,33.12
765,2013-03-17,33.12
766,2013-03-18,60.12
767,2013-03-19,34.92
768,2013-03-20,50.04
769,2013-03-21,36.0
770,2013-03-22,39.96
771,2013-03-23,33.84
772,2013-03-24,37.08
773,2013-03-25,56.88
774,2013-03-26,42.12
775,2013-03-27,33.84
776,2013-03-28,51.12
777,2013-03-29,47.88
778,2013-03-30,65.88
779,2013-03-31,38.88
780,2013-04-01,47.16
781,2013-04-02,57.96
782,2013-04-03,37.08
783,2013-04-04,37.08
784,2013-04-05,34.92
785,2013-04-06,36.0
786,2013-04-07,39.96
787,2013-04-08,51.12
788,2013-04-09,51.12
789,2013-04-10,47.16
790,2013-04-11,47.16
791,2013-04-12,55.08
792,2013-04-13,37.08
793,2013-04-14,50.04
794,2013-04-15,33.12
795,2013-04-16,32.04
796,2013-04-18,0.0
797,2013-04-19,48.96
798,2013-04-20,41.04
799,2013-04-21,38.88
800,2013-04-22,38.88
801,2013-04-23,37.08
802,2013-04-24,51.84
803,2013-04-25,45.0
804,2013-04-26,33.12
805,2013-04-27,32.04
806,2013-04-28,24.12
807,2013-04-29,30.96
808,2013-04-30,37.08
809,2013-05-01,34.92
810,2013-05-02,41.04
811,2013-05-03,33.12
812,2013-05-04,51.84
813,2013-05-05,30.96
814,2013-05-06,37.08
815,2013-05-07,42.84
816,2013-05-08,33.12
817,2013-05-09,27.0
818,2013-05-10,41.04
819,2013-05-11,38.88
820,2013-05-12,41.04
821,2013-05-13,52.92
822,2013-05-14,29.88
823,2013-05-15,33.12
824,2013-05-16,37.08
825,2013-05-17,39.96
826,2013-05-18,47.16
827,2013-05-19,41.04
828,2013-05-20,33.12
829,2013-05-21,33.12
830,2013-05-22,47.16
831,2013-05-23,50.04
832,2013-05-24,43.92
833,2013-05-25,42.84
834,2013-05-26,42.12
835,2013-05-27,41.04
836,2013-05-28,45.0
837,2013-05-29,60.84
838,2013-05-30,45.0
839,2013-05-31,43.92
840,2013-06-01,48.96
841,2013-06-02,37.08
842,2013-06-03,42.12
843,2013-06-04,38.88
844,2013-06-05,38.88
845,2013-06-06,43.92
846,2013-06-07,30.96
847,2013-06-08,43.92
848,2013-06-09,42.12
849,2013-06-10,38.16
850,2013-06-11,36.0
851,2013-06-12,34.92
852,2013-06-13,36.0
853,2013-06-14,32.04
854,2013-06-15,33.12
855,2013-06-16,36.0
856,2013-06-17,34.92
857,2013-06-18,32.04
858,2013-06-19,41.04
859,2013-06-20,39.96
860,2013-06-21,54.0
861,2013-06-22,33.84
862,2013-06-23,47.88
863,2013-06-24,41.04
864,2013-06-25,38.88
865,2013-06-26,39.96
866,2013-06-27,51.12
867,2013-06-28,56.88
868,2013-06-29,37.08
869,2013-06-30,0.0
870,2013-07-01,50.04
871,2013-07-02,37.08
872,2013-07-03,42.12
873,2013-07-04,43.92
874,2013-07-05,38.88
875,2013-07-06,38.88
876,2013-07-07,38.16
877,2013-07-08,56.88
878,2013-07-09,50.04
879,2013-07-10,36.0
880,2013-07-11,47.88
881,2013-07-12,41.04
882,2013-07-13,36.0
883,2013-07-14,39.96
884,2013-07-15,37.08
885,2013-07-16,41.04
886,2013-07-17,38.88
887,2013-07-18,38.88
888,2013-07-19,39.96
889,2013-07-20,0.0
890,2013-07-22,37.08
891,2013-07-23,56.16
892,2013-07-24,38.16
893,2013-07-25,41.04
894,2013-07-26,36.0
895,2013-07-27,54.0
896,2013-07-28,43.92
897,2013-07-29,32.04
898,2013-07-30,33.12
899,2013-07-31,38.88
900,2013-08-01,38.88
901,2013-08-02,38.88
902,2013-08-03,33.12
903,2013-08-04,42.12
904,2013-08-05,37.08
905,2013-08-06,38.88
906,2013-08-07,36.0
907,2013-08-08,48.96
908,2013-08-09,33.84
909,2013-08-10,38.88
910,2013-08-11,38.88
911,2013-08-12,39.96
912,2013-08-13,42.12
913,2013-08-14,0.0
914,2013-08-15,0.0
915,2013-08-16,0.0
916,2013-08-17,47.88
917,2013-08-18,39.96
918,2013-08-19,45.0
919,2013-08-20,38.16
920,2013-08-21,42.84
921,2013-08-22,38.16
922,2013-08-23,38.16
923,2013-08-24,47.16
924,2013-08-25,39.96
925,2013-08-26,42.12
926,2013-08-27,38.88
927,2013-08-28,43.92
928,2013-08-29,33.84
929,2013-08-30,37.08
930,2013-08-31,41.04
931,2013-09-01,33.12
932,2013-09-02,36.0
933,2013-09-03,37.08
934,2013-09-04,33.12
935,2013-09-05,36.0
936,2013-09-06,47.88
937,2013-09-07,38.88
938,2013-09-08,29.88
939,2013-09-09,36.0
940,2013-09-10,36.0
941,2013-09-11,36.0
942,2013-09-12,32.04
943,2013-09-13,42.84
944,2013-09-14,36.0
945,2013-09-15,42.84
946,2013-09-16,32.04
947,2013-09-17,41.04
948,2013-09-18,28.08
949,2013-09-19,30.96
950,2013-09-20,34.92
951,2013-09-21,34.92
952,2013-09-22,43.92
953,2013-09-23,36.0
954,2013-09-24,29.88
955,2013-09-25,33.84
956,2013-09-26,34.92
957,2013-09-28,36.0
958,2013-09-29,45.0
959,2013-09-30,41.04
960,2013-10-01,38.16
961,2013-10-02,34.92
962,2013-10-03,24.12
963,2013-10-04,33.84
964,2013-10-05,33.84
965,2013-10-06,38.88
966,2013-10-07,21.96
967,2013-10-08,36.0
968,2013-10-09,29.88
969,2013-10-10,47.88
970,2013-10-11,0.0
971,2013-10-12,0.0
972,2013-10-13,32.04
973,2013-10-14,28.08
974,2013-10-15,47.16
975,2013-10-16,33.84
976,2013-10-17,32.04
977,2013-10-18,33.12
978,2013-10-19,29.88
979,2013-10-20,29.88
980,2013-10-21,32.04
981,2013-10-22,37.08
982,2013-10-23,38.88
983,2013-10-24,30.96
984,2013-10-25,29.16
985,2013-10-26,27.0
986,2013-10-27,42.12
987,2013-10-28,38.88
988,2013-10-29,33.12
989,2013-10-30,25.92
990,2013-10-31,33.12
991,2013-11-01,24.12
992,2013-11-02,29.16
993,2013-11-03,41.04
994,2013-11-04,55.08
995,2013-11-05,55.08
996,2013-11-06,51.12
997,2013-11-07,27.0
998,2013-11-08,42.84
999,2013-11-09,38.88
1000,2013-11-10,42.12
1001,2013-11-11,39.96
1002,2013-11-12,24.12
1003,2013-11-13,20.16
1004,2013-11-14,45.0
1005,2013-11-15,30.96
1006,2013-11-16,47.16
1007,2013-11-17,38.88
1008,2013-11-18,30.96
1009,2013-11-19,33.12
1010,2013-11-20,42.84
1011,2013-11-21,47.16
1012,2013-11-22,52.92
1013,2013-11-23,51.12
1014,2013-11-24,27.0
1015,2013-11-25,28.08
1016,2013-11-26,24.12
1017,2013-11-27,23.04
1018,2013-11-28,24.84
1019,2013-11-29,24.84
1020,2013-11-30,19.08
1021,2013-12-01,32.04
1022,2013-12-02,18.0
1023,2013-12-03,24.12
1024,2013-12-04,21.96
1025,2013-12-05,28.08
1026,2013-12-06,27.0
1027,2013-12-07,21.96
1028,2013-12-08,16.92
1029,2013-12-09,16.92
1030,2013-12-10,23.04
1031,2013-12-11,20.88
1032,2013-12-12,16.92
1033,2013-12-13,14.04
1034,2013-12-14,24.84
1035,2013-12-15,18.0
1036,2013-12-16,18.0
1037,2013-12-17,23.04
1038,2013-12-18,21.96
1039,2013-12-19,23.04
1040,2013-12-20,27.0
1041,2013-12-21,18.0
1042,2013-12-22,20.16
1043,2013-12-23,19.08
1044,2013-12-24,34.92
1045,2013-12-25,51.12
1046,2013-12-26,57.96
1047,2013-12-27,20.88
1048,2013-12-28,50.04
1049,2013-12-29,29.16
1050,2013-12-30,20.16
1051,2013-12-31,20.16
1052,2014-01-01,29.16
1053,2014-01-02,34.92
1054,2014-01-03,36.0
1055,2014-01-04,52.92
1056,2014-01-05,50.04
1057,2014-01-06,27.0
1058,2014-01-07,18.0
1059,2014-01-08,18.0
1060,2014-01-09,18.0
1061,2014-01-10,20.88
1062,2014-01-11,20.88
1063,2014-01-12,28.08
1064,2014-01-13,33.12
1065,2014-01-14,28.08
1066,2014-01-15,20.16
1067,2014-01-16,27.0
1068,2014-01-17,30.96
1069,2014-01-18,34.92
1070,2014-01-19,29.88
1071,2014-01-20,41.04
1072,2014-01-21,33.12
1073,2014-01-22,16.92
1074,2014-01-23,20.88
1075,2014-01-24,48.96
1076,2014-01-25,23.04
1077,2014-01-26,36.0
1078,2014-01-27,56.16
1079,2014-01-28,39.96
1080,2014-01-29,23.04
1081,2014-01-30,25.92
1082,2014-01-31,24.12
1083,2014-02-01,30.96
1084,2014-02-02,51.84
1085,2014-02-03,29.16
1086,2014-02-04,30.96
1087,2014-02-05,56.16
1088,2014-02-06,32.04
1089,2014-02-07,51.84
1090,2014-02-08,38.16
1091,2014-02-09,46.08
1092,2014-02-10,52.92
1093,2014-02-11,39.96
1094,2014-02-12,33.84
1095,2014-02-13,39.96
1096,2014-02-14,39.96
1097,2014-02-15,37.08
1098,2014-02-16,25.92
1099,2014-02-17,24.12
1100,2014-02-18,33.12
1101,2014-02-19,30.96
1102,2014-02-20,37.08
1103,2014-02-21,50.04
1104,2014-02-22,34.92
1105,2014-02-23,30.96
1106,2014-02-24,30.96
1107,2014-02-25,41.04
1108,2014-02-26,38.88
1109,2014-02-27,42.84
1110,2014-02-28,63.0
1111,2014-03-01,45.0
1112,2014-03-02,32.04
1113,2014-03-03,72.0
1114,2014-03-04,55.08
1115,2014-03-05,33.84
1116,2014-03-06,34.92
1117,2014-03-07,27.0
1118,2014-03-08,36.0
1119,2014-03-09,34.92
1120,2014-03-10,28.08
1121,2014-03-11,38.88
1122,2014-03-12,36.0
1123,2014-03-13,32.04
1124,2014-03-14,28.08
1125,2014-03-15,41.04
1126,2014-03-16,52.92
1127,2014-03-17,29.88
1128,2014-03-18,33.84
1129,2014-03-19,30.96
1130,2014-03-20,46.08
1131,2014-03-21,39.96
1132,2014-03-22,43.92
1133,2014-03-23,48.96
1134,2014-03-24,50.04
1135,2014-03-25,64.08
1136,2014-03-26,34.92
1137,2014-03-27,36.0
1138,2014-03-28,38.88
1139,2014-03-29,52.92
1140,2014-03-30,21.96
1141,2014-03-31,37.08
1142,2014-04-01,33.12
1143,2014-04-02,25.92
1144,2014-04-03,33.84
1145,2014-04-04,55.08
1146,2014-04-05,34.92
1147,2014-04-06,32.04
1148,2014-04-07,36.0
1149,2014-04-08,41.04
1150,2014-04-09,38.16
1151,2014-04-10,43.92
1152,2014-04-11,42.12
1153,2014-04-12,39.96
1154,2014-04-13,33.12
1155,2014-04-14,32.04
1156,2014-04-15,38.88
1157,2014-04-16,46.08
1158,2014-04-17,37.08
1159,2014-04-18,38.88
1160,2014-04-19,46.08
1161,2014-04-20,29.16
1162,2014-04-21,30.96
1163,2014-04-22,37.08
1164,2014-04-23,39.96
1165,2014-04-24,42.84
1166,2014-04-25,60.84
1167,2014-04-26,43.92
1168,2014-04-27,55.08
1169,2014-04-28,50.04
1170,2014-04-29,38.16
1171,2014-04-30,38.88
1172,2014-05-01,38.16
1173,2014-05-02,46.08
1174,2014-05-03,42.84
1175,2014-05-04,34.92
1176,2014-05-05,33.84
1177,2014-05-06,32.04
1178,2014-05-07,39.96
1179,2014-05-08,34.92
1180,2014-05-09,34.92
1181,2014-05-10,30.96
1182,2014-05-11,47.16
1183,2014-05-12,38.16
1184,2014-05-13,42.84
1185,2014-05-14,52.92
1186,2014-05-15,41.04
1187,2014-05-16,37.08
1188,2014-05-17,42.84
1189,2014-05-18,39.96
1190,2014-05-19,38.88
1191,2014-05-20,37.08
1192,2014-05-21,48.96
1193,2014-05-22,46.08
1194,2014-05-23,56.16
1195,2014-05-24,37.08
1196,2014-05-25,41.04
1197,2014-05-26,46.08
1198,2014-05-27,41.04
1199,2014-05-28,33.84
1200,2014-05-29,37.08
1201,2014-05-30,51.84
1202,2014-05-31,41.04
1203,2014-06-01,34.92
1204,2014-06-02,39.96
1205,2014-06-03,41.04
1206,2014-06-04,46.08
1207,2014-06-05,32.04
1208,2014-06-06,57.96
1209,2014-06-07,39.96
1210,2014-06-08,36.0
1211,2014-06-09,29.88
1212,2014-06-10,32.04
1213,2014-06-11,37.08
1214,2014-06-12,43.92
1215,2014-06-13,50.04
1216,2014-06-14,37.08
1217,2014-06-15,43.92
1218,2014-06-16,34.92
1219,2014-06-17,43.92
1220,2014-06-18,39.96
1221,2014-06-19,32.04
1222,2014-06-20,36.0
1223,2014-06-21,38.88
1224,2014-06-22,39.96
1225,2014-06-23,39.96
1226,2014-06-24,37.08
1227,2014-06-25,38.16
1228,2014-06-26,39.96
1229,2014-06-27,39.96
1230,2014-06-28,39.96
1231,2014-06-29,48.96
1232,2014-06-30,42.84
1233,2014-07-01,37.08
1234,2014-07-02,29.16
1235,2014-07-03,39.96
1236,2014-07-04,38.88
1237,2014-07-05,33.12
1238,2014-07-06,47.88
1239,2014-07-07,39.96
1240,2014-07-08,36.0
1241,2014-07-09,47.16
1242,2014-07-10,36.0
1243,2014-07-11,38.88
1244,2014-07-12,41.04
1245,2014-07-13,38.88
1246,2014-07-14,42.84
1247,2014-07-15,41.04
1248,2014-07-16,38.16
1249,2014-07-17,38.16
1250,2014-07-18,38.88
1251,2014-07-19,38.16
1252,2014-07-20,50.04
1253,2014-07-21,38.88
1254,2014-07-22,36.0
1255,2014-07-23,34.92
1256,2014-07-24,38.16
1257,2014-07-25,29.88
1258,2014-07-26,38.88
1259,2014-07-27,38.16
1260,2014-07-28,29.88
1261,2014-07-29,39.96
1262,2014-07-30,33.12
1263,2014-07-31,41.04
1264,2014-08-01,33.84
1265,2014-08-02,29.88
1266,2014-08-03,33.12
1267,2014-08-04,38.16
1268,2014-08-05,47.16
1269,2014-08-06,41.04
1270,2014-08-07,38.88
1271,2014-08-08,33.12
1272,2014-08-09,32.04
1273,2014-08-10,34.92
1274,2014-08-11,43.92
1275,2014-08-12,38.88
1276,2014-08-13,45.0
1277,2014-08-14,38.16
1278,2014-08-15,45.0
1279,2014-08-16,34.92
1280,2014-08-17,36.0
1281,2014-08-18,45.0
1282,2014-08-19,46.08
1283,2014-08-20,41.04
1284,2014-08-21,25.92
1285,2014-08-22,29.88
1286,2014-08-23,32.04
1287,2014-08-24,36.0
1288,2014-08-25,34.92
1289,2014-08-26,39.96
1290,2014-08-27,42.12
1291,2014-08-28,33.12
1292,2014-08-29,33.84
1293,2014-08-30,33.12
1294,2014-08-31,32.04
1295,2014-09-01,37.08
1296,2014-09-02,33.12
1297,2014-09-03,41.04
1298,2014-09-04,32.04
1299,2014-09-05,46.08
1300,2014-09-06,29.16
1301,2014-09-07,32.04
1302,2014-09-08,32.04
1303,2014-09-09,47.16
1304,2014-09-10,34.92
1305,2014-09-11,32.04
1306,2014-09-12,34.92
1307,2014-09-13,38.88
1308,2014-09-14,34.92
1309,2014-09-15,32.04
1310,2014-09-16,37.08
1311,2014-09-17,29.88
1312,2014-09-18,33.84
1313,2014-09-19,36.0
1314,2014-09-20,32.04
1315,2014-09-21,32.04
1316,2014-09-22,24.84
1317,2014-09-23,37.08
1318,2014-09-24,36.0
1319,2014-09-25,29.16
1320,2014-09-26,38.16
1321,2014-09-27,28.08
1322,2014-09-28,21.96
1323,2014-09-29,33.12
1324,2014-09-30,28.08
1325,2014-10-01,24.84
1326,2014-10-02,23.04
1327,2014-10-03,30.96
1328,2014-10-04,33.12
1329,2014-10-05,38.88
1330,2014-10-06,25.92
1331,2014-10-07,29.16
1332,2014-10-08,28.08
1333,2014-10-09,29.16
1334,2014-10-10,29.16
1335,2014-10-11,27.0
1336,2014-10-12,30.96
1337,2014-10-13,30.96
1338,2014-10-14,19.08
1339,2014-10-15,42.12
1340,2014-10-16,24.84
1341,2014-10-17,21.96
1342,2014-10-18,23.04
1343,2014-10-19,27.0
1344,2014-10-20,21.96
1345,2014-10-21,29.88
1346,2014-10-22,39.96
1347,2014-10-23,33.12
1348,2014-10-24,24.12
1349,2014-10-25,23.04
1350,2014-10-26,29.16
1351,2014-10-27,32.04
1352,2014-10-28,20.88
1353,2014-10-29,21.96
1354,2014-10-30,21.96
1355,2014-10-31,24.12
1356,2014-11-01,16.92
1357,2014-11-02,19.08
1358,2014-11-03,39.96
1359,2014-11-04,36.0
1360,2014-11-05,34.92
1361,2014-11-06,32.04
1362,2014-11-07,20.88
1363,2014-11-08,21.96
1364,2014-11-09,19.08
1365,2014-11-10,20.88
1366,2014-11-11,20.88
1367,2014-11-12,36.0
1368,2014-11-13,38.88
1369,2014-11-14,25.92
1370,2014-11-15,52.92
1371,2014-11-16,45.0
1372,2014-11-17,38.16
1373,2014-11-18,34.92
1374,2014-11-19,20.16
1375,2014-11-20,21.96
1376,2014-11-21,20.16
1377,2014-11-22,21.96
1378,2014-11-23,20.88
1379,2014-11-24,20.16
1380,2014-11-25,21.96
1381,2014-11-26,47.88
1382,2014-11-27,20.88
1383,2014-11-28,37.08
1384,2014-11-29,29.88
1385,2014-11-30,42.84
1386,2014-12-01,36.0
1387,2014-12-02,30.96
1388,2014-12-03,20.16
1389,2014-12-04,24.84
1390,2014-12-05,23.04
1391,2014-12-06,29.88
1392,2014-12-07,33.12
1393,2014-12-08,39.96
1394,2014-12-09,74.16
1395,2014-12-10,21.96
1396,2014-12-11,33.12
1397,2014-12-12,18.0
1398,2014-12-13,16.92
1399,2014-12-14,20.16
1400,2014-12-15,24.12
1401,2014-12-16,27.0
1402,2014-12-17,21.96
1403,2014-12-18,32.04
1404,2014-12-19,24.84
1405,2014-12-20,23.04
1406,2014-12-21,24.12
1407,2014-12-22,18.0
1408,2014-12-23,16.92
1409,2014-12-24,19.08
1410,2014-12-25,19.08
1411,2014-12-26,18.0
1412,2014-12-27,28.08
1413,2014-12-28,45.0
1414,2014-12-29,38.88
1415,2014-12-30,21.96
1416,2014-12-31,20.88
1417,2015-01-01,21.96
1418,2015-01-02,24.84
1419,2015-01-03,23.04
1420,2015-01-04,29.16
1421,2015-01-05,15.12
1422,2015-01-06,20.88
1423,2015-01-07,20.16
1424,2015-01-08,29.88
1425,2015-01-09,20.88
1426,2015-01-10,30.96
1427,2015-01-11,18.0
1428,2015-01-12,15.84
1429,2015-01-13,24.12
1430,2015-01-14,29.16
1431,2015-01-15,21.96
1432,2015-01-16,33.12
1433,2015-01-17,29.16
1434,2015-01-18,20.88
1435,2015-01-19,21.96
1436,2015-01-20,23.04
1437,2015-01-21,20.88
1438,2015-01-22,29.16
1439,2015-01-23,42.12
1440,2015-01-24,42.84
1441,2015-01-25,68.04
1442,2015-01-26,24.12
1443,2015-01-27,29.16
1444,2015-01-28,24.12
1445,2015-01-29,61.92
1446,2015-01-30,65.16
1447,2015-01-31,52.92
1448,2015-02-01,45.0
1449,2015-02-02,18.0
1450,2015-02-03,28.08
1451,2015-02-04,33.12
1452,2015-02-05,39.96
1453,2015-02-06,32.04
1454,2015-02-07,20.88
1455,2015-02-08,36.0
1456,2015-02-09,25.92
1457,2015-02-10,15.84
1458,2015-02-11,20.88
1459,2015-02-12,0.0
1460,2015-02-13,34.92
1461,2015-02-14,51.12
1462,2015-02-15,27.0
1463,2015-02-16,30.96
1464,2015-02-17,19.08
1465,2015-02-18,24.12
1466,2015-02-19,29.88
1467,2015-02-20,29.88
1468,2015-02-21,25.92
1469,2015-02-22,42.84
1470,2015-02-23,48.96
1471,2015-02-24,55.08
1472,2015-02-25,46.08
1473,2015-02-26,34.92
1474,2015-02-27,41.04
1475,2015-02-28,33.84
1476,2015-03-01,29.88
1477,2015-03-02,43.92
1478,2015-03-03,37.08
1479,2015-03-04,37.08
1480,2015-03-05,65.16
1481,2015-03-06,29.16
1482,2015-03-07,34.92
1483,2015-03-08,29.88
1484,2015-03-09,27.0
1485,2015-03-10,29.88
1486,2015-03-11,21.96
1487,2015-03-12,36.0
1488,2015-03-13,36.0
1489,2015-03-17,30.96
1490,2015-03-18,36.0
1491,2015-03-19,30.96
1492,2015-03-20,38.88
1493,2015-03-21,37.08
1494,2015-03-22,34.92
1495,2015-03-23,23.04
1496,2015-03-24,0.0
1497,2015-03-25,0.0
1498,2015-03-26,0.0
1499,2015-03-27,0.0
1500,2015-03-28,0.0
1501,2015-03-29,0.0
1502,2015-03-30,0.0
1503,2015-03-31,0.0
1504,2015-04-01,0.0
1505,2015-04-02,0.0
1506,2015-04-03,0.0
1507,2015-04-04,0.0
1508,2015-04-05,0.0
1509,2015-04-06,0.0
1510,2015-04-07,0.0
1511,2015-04-08,0.0
1512,2015-04-09,0.0
1513,2015-04-10,0.0
1514,2015-04-11,0.0
1515,2015-04-12,0.0
1516,2015-04-13,0.0
1517,2015-04-14,0.0
1518,2015-04-15,0.0
1519,2015-04-16,0.0
1520,2015-04-17,0.0
1521,2015-04-18,0.0
1522,2015-04-19,0.0
1523,2015-04-20,0.0
1524,2015-04-21,0.0
1525,2015-04-22,0.0
1526,2015-04-23,0.0
1527,2015-04-24,0.0
1528,2015-04-25,0.0
1529,2015-04-26,0.0
1530,2015-04-27,0.0
1531,2015-04-28,0.0
1532,2015-04-29,0.0
1533,2015-04-30,0.0
1534,2015-05-01,0.0
1535,2015-05-02,0.0
1536,2015-05-03,0.0
1537,2015-05-04,0.0
1538,2015-05-05,0.0
1539,2015-05-06,0.0
1540,2015-05-07,0.0
1541,2015-05-08,0.0
1542,2015-05-09,0.0
1543,2015-05-10,0.0
1544,2015-05-11,0.0
1545,2015-05-12,0.0
1546,2015-05-13,0.0
1547,2015-05-14,0.0
1548,2015-05-15,0.0
1549,2015-05-16,0.0
1550,2015-05-17,0.0
1551,2015-05-18,0.0
1552,2015-05-19,0.0
1553,2015-05-20,0.0
1554,2015-05-21,0.0
1555,2015-05-22,0.0
1556,2015-05-23,0.0
1557,2015-05-24,0.0
1558,2015-05-25,0.0
1559,2015-05-26,0.0
1560,2015-05-27,0.0
1561,2015-05-28,0.0
1562,2015-05-29,0.0
1563,2015-05-30,0.0
1564,2015-05-31,0.0
1565,2015-06-01,0.0
1566,2015-06-02,0.0
1567,2015-06-03,0.0
1568,2015-06-04,0.0
1569,2015-06-05,0.0
1570,2015-06-06,0.0
1571,2015-06-07,0.0
1572,2015-06-08,0.0
1573,2015-06-09,0.0
1574,2015-06-10,0.0
1575,2015-06-11,0.0
1576,2015-06-12,0.0
1577,2015-06-13,0.0
1578,2015-06-14,0.0
1579,2015-06-15,0.0
1580,2015-06-16,32.04
1581,2015-06-17,29.88
1582,2015-06-18,29.88
1583,2015-06-19,34.92
1584,2015-06-20,38.88
1585,2015-06-21,33.12
1586,2015-06-22,37.08
1587,2015-06-23,27.0
1588,2015-06-24,39.96
1589,2015-06-25,34.92
1590,2015-06-26,39.96
1591,2015-06-27,36.0
1592,2015-06-28,38.16
1593,2015-06-29,29.88
1594,2015-06-30,33.12
1595,2015-07-01,30.96
1596,2015-07-02,29.16
1597,2015-07-03,33.84
1598,2015-07-04,33.84
1599,2015-07-05,34.92
1600,2015-07-06,33.84
1601,2015-07-07,37.08
1602,2015-07-08,38.16
1603,2015-07-09,30.96
1604,2015-07-10,33.84
1605,2015-07-11,33.12
1606,2015-07-12,42.12
1607,2015-07-13,38.88
1608,2015-07-14,38.16
1609,2015-07-15,39.96
1610,2015-07-16,37.08
1611,2015-07-17,37.08
1612,2015-07-18,52.92
1613,2015-07-19,38.16
1614,2015-07-20,34.92
1615,2015-07-21,37.08
1616,2015-07-22,42.12
1617,2015-07-23,29.88
1618,2015-07-24,36.0
1619,2015-07-25,38.88
1620,2015-07-26,36.0
1621,2015-07-27,42.84
1622,2015-07-28,42.12
1623,2015-07-29,33.84
1624,2015-07-30,46.08
1625,2015-07-31,54.0
1626,2015-08-01,29.16
1627,2015-08-02,32.04
1628,2015-08-03,38.88
1629,2015-08-04,34.92
1630,2015-08-05,32.04
1631,2015-08-06,33.12
1632,2015-08-07,38.88
1633,2015-08-08,37.08
1634,2015-08-09,0.0
1635,2015-08-10,38.88
1636,2015-08-11,33.84
1637,2015-08-12,32.04
1638,2015-08-13,45.0
1639,2015-08-14,38.16
1640,2015-08-15,32.04
1641,2015-08-16,32.04
1642,2015-08-17,37.08
1643,2015-08-18,27.0
1644,2015-08-19,23.04
1645,2015-08-20,30.96
1646,2015-08-21,42.84
1647,2015-08-22,33.12
1648,2015-08-23,34.92
1649,2015-08-24,43.92
1650,2015-08-25,32.04
1651,2015-08-26,32.04
1652,2015-08-27,38.88
1653,2015-08-28,38.16
1654,2015-08-29,33.12
1655,2015-08-30,30.96
1656,2015-08-31,36.0
1657,2015-09-01,33.12
1658,2015-09-02,30.96
1659,2015-09-03,28.08
1660,2015-09-04,24.12
1661,2015-09-05,25.92
1662,2015-09-06,29.16
1663,2015-09-07,33.84
1664,2015-09-08,28.08
1665,2015-09-09,32.04
1666,2015-09-10,23.04
1667,2015-09-11,20.88
1668,2015-09-12,28.08
1669,2015-09-13,38.88
1670,2015-09-14,32.04
1671,2015-09-15,30.96
1672,2015-09-16,41.04
1673,2015-09-17,39.96
1674,2015-09-18,29.88
1675,2015-09-19,33.84
1676,2015-09-20,28.08
1677,2015-09-21,28.08
1678,2015-09-22,30.96
1679,2015-09-23,33.12
1680,2015-09-24,25.92
1681,2015-09-25,33.12
1682,2015-09-26,36.0
1683,2015-09-27,15.84
1684,2015-09-28,25.92
1685,2015-09-29,25.92
1686,2015-09-30,29.88
1687,2015-10-01,25.92
1688,2015-10-02,20.88
1689,2015-10-03,28.08
1690,2015-10-04,19.08
1691,2015-10-05,51.12
1692,2015-10-06,54.0
1693,2015-10-07,29.88
1694,2015-10-08,23.04
1695,2015-10-09,29.88
1696,2015-10-10,16.92
1697,2015-10-11,25.92
1698,2015-10-12,32.04
1699,2015-10-13,25.92
1700,2015-10-14,27.0
1701,2015-10-15,24.84
1702,2015-10-16,21.96
1703,2015-10-17,24.84
1704,2015-10-18,20.88
1705,2015-10-19,21.96
1706,2015-10-20,24.84
1707,2015-10-21,28.08
1708,2015-10-22,33.84
1709,2015-10-23,25.92
1710,2015-10-24,10.08
1711,2015-10-25,20.88
1712,2015-10-26,12.96
1713,2015-10-27,29.88
1714,2015-10-28,42.12
1715,2015-10-29,18.0
1716,2015-10-30,21.96
1717,2015-10-31,23.04
1718,2015-11-01,24.84
1719,2015-11-02,50.04
1720,2015-11-03,24.84
1721,2015-11-04,24.12
1722,2015-11-05,20.88
1723,2015-11-06,12.96
1724,2015-11-07,23.04
1725,2015-11-08,33.12
1726,2015-11-09,18.0
1727,2015-11-10,12.96
1728,2015-11-11,10.08
1729,2015-11-12,23.04
1730,2015-11-13,11.88
1731,2015-11-14,23.04
1732,2015-11-15,10.08
1733,2015-11-16,15.84
1734,2015-11-17,19.08
1735,2015-11-18,18.0
1736,2015-11-19,19.08
1737,2015-11-20,36.0
1738,2015-11-21,48.96
1739,2015-11-22,33.12
1740,2015-11-23,29.88
1741,2015-11-24,27.0
1742,2015-11-25,29.88
1743,2015-11-26,36.0
1744,2015-11-27,20.88
1745,2015-11-28,16.92
1746,2015-11-29,20.88
1747,2015-11-30,15.84
1748,2015-12-01,11.88
1749,2015-12-02,11.88
1750,2015-12-03,9.0
1751,2015-12-04,10.08
1752,2015-12-05,11.16
1753,2015-12-06,11.88
1754,2015-12-07,7.92
1755,2015-12-08,15.12
1756,2015-12-09,20.88
1757,2015-12-10,11.88
1758,2015-12-11,15.12
1759,2015-12-12,10.08
1760,2015-12-13,12.96
1761,2015-12-14,11.88
1762,2015-12-15,21.96
1763,2015-12-16,11.88
1764,2015-12-17,7.92
1765,2015-12-18,7.92
1766,2015-12-19,21.96
1767,2015-12-20,11.88
1768,2015-12-21,16.92
1769,2015-12-22,14.04
1770,2015-12-23,12.96
1771,2015-12-24,11.88
1772,2015-12-25,9.0
1773,2015-12-26,6.84
1774,2015-12-27,11.16
1775,2015-12-28,10.08
1776,2015-12-29,24.12
1777,2015-12-30,24.12
1778,2015-12-31,18.0
1779,2016-01-01,11.88
1780,2016-01-02,43.92
1781,2016-01-03,30.96
1782,2016-01-04,34.92
1783,2016-01-05,33.12
1784,2016-01-06,51.12
1785,2016-01-07,30.96
1786,2016-01-08,46.08
1787,2016-01-09,34.92
1788,2016-01-10,52.92
1789,2016-01-11,60.12
1790,2016-01-12,41.04
1791,2016-01-13,19.08
1792,2016-01-14,42.12
1793,2016-01-15,34.92
1794,2016-01-16,38.16
1795,2016-01-17,20.88
1796,2016-01-18,25.92
1797,2016-01-19,14.04
1798,2016-01-20,10.08
1799,2016-01-21,16.92
1800,2016-01-22,10.08
1801,2016-01-23,15.84
1802,2016-01-24,21.96
1803,2016-01-25,11.16
1804,2016-01-26,16.92
1805,2016-01-27,12.96
1806,2016-01-28,27.0
1807,2016-01-29,14.04
1808,2016-01-30,32.04
1809,2016-01-31,20.88
1810,2016-02-01,25.92
1811,2016-02-02,24.12
1812,2016-02-03,25.92
1813,2016-02-04,25.92
1814,2016-02-05,20.16
1815,2016-02-06,12.96
1816,2016-02-07,43.92
1817,2016-02-08,39.96
1818,2016-02-09,72.0
1819,2016-02-10,51.12
1820,2016-02-11,25.92
1821,2016-02-12,56.88
1822,2016-02-13,48.96
1823,2016-02-14,42.12
1824,2016-02-15,41.04
1825,2016-02-16,28.08
1826,2016-02-17,29.16
1827,2016-02-18,14.04
1828,2016-02-19,29.16
1829,2016-02-20,24.12
1830,2016-02-21,20.88
1831,2016-02-22,33.84
1832,2016-02-23,25.92
1833,2016-02-24,25.92
1834,2016-02-25,34.92
1835,2016-02-26,27.0
1836,2016-02-27,27.0
1837,2016-02-28,27.0
1838,2016-02-29,50.04
1839,2016-03-01,39.96
1840,2016-03-02,63.0
1841,2016-03-03,50.04
1842,2016-03-04,43.92
1843,2016-03-05,56.88
1844,2016-03-06,34.92
1845,2016-03-07,23.04
1846,2016-03-08,33.84
1847,2016-03-09,25.92
1848,2016-03-10,24.12
1849,2016-03-11,29.16
1850,2016-03-12,24.12
1851,2016-03-13,32.04
1852,2016-03-14,24.12
1853,2016-03-15,29.16
1854,2016-03-16,38.88
1855,2016-03-17,15.12
1856,2016-03-18,28.08
1857,2016-03-19,12.96
1858,2016-03-20,25.92
1859,2016-03-21,32.04
1860,2016-03-22,33.84
1861,2016-03-23,39.96
1862,2016-03-24,24.84
1863,2016-03-25,27.0
1864,2016-03-26,27.0
1865,2016-03-27,39.96
1866,2016-03-28,33.12
1867,2016-03-29,38.88
1868,2016-03-30,0.0
1869,2016-03-31,0.0
1870,2016-04-01,0.0
1871,2016-04-02,27.0
1872,2016-04-03,29.88
1873,2016-04-04,21.96
1874,2016-04-05,33.12
1875,2016-04-06,30.96
1876,2016-04-07,30.96
1877,2016-04-08,36.0
1878,2016-04-09,41.04
1879,2016-04-10,43.92
1880,2016-04-11,28.08
1881,2016-04-12,29.88
1882,2016-04-13,51.12
1883,2016-04-14,30.96
1884,2016-04-15,33.12
1885,2016-04-16,39.96
1886,2016-04-17,38.88
1887,2016-04-18,39.96
1888,2016-04-19,36.0
1889,2016-04-20,43.92
1890,2016-04-21,23.04
1891,2016-04-22,27.0
1892,2016-04-23,34.92
1893,2016-04-24,34.92
1894,2016-04-25,29.88
1895,2016-04-26,38.16
1896,2016-04-27,38.16
1897,2016-04-28,15.12
1898,2016-04-29,25.92
1899,2016-04-30,33.84
1900,2016-05-01,39.96
1901,2016-05-02,41.04
1902,2016-05-03,34.92
1903,2016-05-04,33.84
1904,2016-05-05,34.92
1905,2016-05-06,25.92
1906,2016-05-07,21.96
1907,2016-05-08,19.08
1908,2016-05-09,33.84
1909,2016-05-10,16.92
1910,2016-05-11,33.84
1911,2016-05-12,37.08
1912,2016-05-13,33.84
1913,2016-05-14,39.96
1914,2016-05-15,33.12
1915,2016-05-16,29.88
1916,2016-05-17,32.04
1917,2016-05-18,36.0
1918,2016-05-19,41.04
1919,2016-05-20,38.16
1920,2016-05-21,37.08
1921,2016-05-22,41.04
1922,2016-05-23,28.08
1923,2016-05-24,29.16
1924,2016-05-25,33.84
1925,2016-05-26,32.04
1926,2016-05-27,34.92
1927,2016-05-28,68.04
1928,2016-05-29,46.08
1929,2016-05-30,34.92
1930,2016-05-31,29.88
1931,2016-06-01,33.12
1932,2016-06-02,34.92
1933,2016-06-03,33.84
1934,2016-06-04,33.84
1935,2016-06-05,33.84
1936,2016-06-06,33.12
1937,2016-06-07,33.12
1938,2016-06-08,41.04
1939,2016-06-09,34.92
1940,2016-06-10,33.12
1941,2016-06-11,36.0
1942,2016-06-12,33.12
1943,2016-06-13,54.0
1944,2016-06-14,51.84
1945,2016-06-15,0.0
1946,2016-06-16,0.0
1947,2016-06-17,36.0
1948,2016-06-18,34.92
1949,2016-06-19,30.96
1950,2016-06-20,34.92
1951,2016-06-21,34.92
1952,2016-06-22,34.92
1953,2016-06-23,36.0
1954,2016-06-24,37.08
1955,2016-06-25,36.0
1956,2016-06-26,39.96
1957,2016-06-27,37.08
1958,2016-06-28,37.08
1959,2016-06-29,30.96
1960,2016-07-01,41.04
1961,2016-07-02,38.16
1962,2016-07-03,37.08
1963,2016-07-04,39.96
1964,2016-07-05,28.08
1965,2016-07-06,37.08
1966,2016-07-07,41.04
1967,2016-07-08,34.92
1968,2016-07-09,41.04
1969,2016-07-10,37.08
1970,2016-07-11,34.92
1971,2016-07-12,41.04
1972,2016-07-13,43.92
1973,2016-07-14,37.08
1974,2016-07-15,32.04
1975,2016-07-16,39.96
1976,2016-07-17,34.92
1977,2016-07-18,37.08
1978,2016-07-19,37.08
1979,2016-07-20,48.96
1980,2016-07-21,33.84
1981,2016-07-22,38.88
1982,2016-07-23,27.0
1983,2016-07-24,37.08
1984,2016-07-25,32.04
1985,2016-07-26,29.88
1986,2016-07-27,38.88
1987,2016-07-28,30.96
1988,2016-07-29,34.92
1989,2016-07-30,37.08
1990,2016-07-31,41.04
1991,2016-08-01,37.08
1992,2016-08-02,34.92
1993,2016-08-03,37.08
1994,2016-08-04,32.04
1995,2016-08-10,37.08
1996,2016-08-11,33.12
1997,2016-08-12,37.08
1998,2016-08-13,34.92
1999,2016-08-14,33.12
2000,2016-08-15,33.84
2001,2016-08-16,38.16
2002,2016-08-17,45.0
2003,2016-08-18,38.88
2004,2016-08-19,34.92
2005,2016-08-20,34.92
2006,2016-08-21,33.12
2007,2016-08-22,34.92
2008,2016-08-23,33.12
2009,2016-08-24,32.04
2010,2016-08-25,34.92
2011,2016-08-26,33.84
2012,2016-08-27,30.96
2013,2016-08-28,33.12
2014,2016-08-29,29.88
2015,2016-08-30,29.16
2016,2016-08-31,36.0
2017,2016-09-01,36.0
2018,2016-09-02,28.08
2019,2016-09-03,39.96
2020,2016-09-04,33.12
2021,2016-09-05,34.92
2022,2016-09-06,37.08
2023,2016-09-07,36.0
2024,2016-09-08,30.96
2025,2016-09-09,28.08
2026,2016-09-10,43.92
2027,2016-09-11,24.84
2028,2016-09-12,32.04
2029,2016-09-13,45.0
2030,2016-09-14,39.96
2031,2016-09-15,29.16
2032,2016-09-16,34.92
2033,2016-09-17,28.08
2034,2016-09-18,23.04
2035,2016-09-19,23.04
2036,2016-09-20,21.96
2037,2016-09-21,29.88
2038,2016-09-22,33.12
2039,2016-09-23,33.84
2040,2016-09-24,24.84
2041,2016-09-25,32.04
2042,2016-09-26,27.0
2043,2016-09-27,24.12
2044,2016-09-28,29.16
2045,2016-09-29,30.96
2046,2016-09-30,29.88
2047,2016-10-01,27.0
2048,2016-10-02,28.08
2049,2016-10-03,25.92
2050,2016-10-04,30.96
2051,2016-10-05,32.04
2052,2016-10-06,47.16
2053,2016-10-07,23.04
2054,2016-10-08,29.88
2055,2016-10-09,23.04
2056,2016-10-10,27.0
2057,2016-10-11,30.96
2058,2016-10-12,16.92
2059,2016-10-13,16.92
2060,2016-10-14,20.16
2061,2016-10-15,19.08
2062,2016-10-16,19.08
2063,2016-10-17,14.04
2064,2016-10-18,12.96
2065,2016-10-19,25.92
2066,2016-10-20,20.88
2067,2016-10-21,20.88
2068,2016-10-22,11.88
2069,2016-10-23,20.88
2070,2016-10-24,19.08
2071,2016-10-25,21.96
2072,2016-10-26,10.08
2073,2016-10-27,19.08
2074,2016-10-28,20.88
2075,2016-10-29,11.16
2076,2016-10-30,23.04
2077,2016-10-31,19.08
2078,2016-11-01,19.08
2079,2016-11-02,16.92
2080,2016-11-03,18.0
2081,2016-11-04,14.04
2082,2016-11-05,37.08
2083,2016-11-06,32.04
2084,2016-11-07,23.04
2085,2016-11-08,47.88
2086,2016-11-09,41.04
2087,2016-11-10,33.84
2088,2016-11-11,28.08
2089,2016-11-12,12.96
2090,2016-11-13,11.16
2091,2016-11-14,20.88
2092,2016-11-15,18.0
2093,2016-11-16,10.08
2094,2016-11-17,11.16
2095,2016-11-18,10.08
2096,2016-11-19,18.0
2097,2016-11-20,19.08
2098,2016-11-21,37.08
2099,2016-11-22,16.92
2100,2016-11-24,16.92
2101,2016-11-25,15.84
2102,2016-11-26,0.0
2103,2016-11-28,16.92
2104,2016-11-29,12.96
2105,2016-11-30,11.16
2106,2016-12-01,11.16
2107,2016-12-02,15.84
2108,2016-12-03,15.12
2109,2016-12-04,16.92
2110,2016-12-05,20.16
2111,2016-12-06,11.88
2112,2016-12-07,9.0
2113,2016-12-08,9.0
2114,2016-12-09,15.12
2115,2016-12-10,11.88
2116,2016-12-11,15.12
2117,2016-12-12,10.08
2118,2016-12-13,16.92
2119,2016-12-14,11.88
2120,2016-12-15,9.0
2121,2016-12-16,12.96
2122,2016-12-17,29.88
2123,2016-12-18,7.92
2124,2016-12-19,14.04
2125,2016-12-20,25.92
2126,2016-12-21,15.12
2127,2016-12-22,21.96
2128,2016-12-23,21.96
2129,2016-12-24,12.96
2130,2016-12-25,16.92
2131,2016-12-26,11.88
2132,2016-12-27,11.16
2133,2016-12-28,10.08
2134,2016-12-31,14.04
2135,2017-01-01,11.88
2136,2017-01-02,0.0
2137,2017-01-03,15.12
2138,2017-01-04,18.0
2139,2017-01-05,15.12
2140,2017-01-06,10.08
2141,2017-01-07,10.08
2142,2017-01-08,18.0
2143,2017-01-09,20.88
2144,2017-01-10,14.04
2145,2017-01-11,19.08
2146,2017-01-12,18.0
2147,2017-01-13,39.96
2148,2017-01-14,38.88
2149,2017-01-15,27.0
2150,2017-01-16,32.04
2151,2017-01-17,47.16
2152,2017-01-18,20.88
2153,2017-01-19,41.04
2154,2017-01-20,38.16
2155,2017-01-21,42.84
2156,2017-01-22,45.0
2157,2017-01-23,16.92
2158,2017-01-24,24.12
2159,2017-01-25,12.96
2160,2017-01-26,11.16
2161,2017-01-27,24.84
2162,2017-01-28,32.04
2163,2017-01-29,21.96
2164,2017-01-30,11.88
2165,2017-01-31,27.0
2166,2017-02-01,10.08
2167,2017-02-02,21.96
2168,2017-02-03,48.96
2169,2017-02-04,36.0
2170,2017-02-05,65.88
2171,2017-02-06,64.08
2172,2017-02-07,24.84
2173,2017-02-08,29.16
2174,2017-02-09,19.08
2175,2017-02-10,15.12
2176,2017-02-11,18.0
2177,2017-02-12,38.88
2178,2017-02-13,47.88
2179,2017-02-14,24.12
2180,2017-02-15,23.04
2181,2017-02-16,20.88
2182,2017-02-17,15.12
2183,2017-02-18,27.0
2184,2017-02-19,21.96
2185,2017-02-20,23.04
2186,2017-02-21,23.04
2187,2017-02-22,15.84
2188,2017-02-23,11.16
2189,2017-02-24,12.96
2190,2017-02-25,24.84
2191,2017-02-26,24.84
2192,2017-02-27,33.12
2193,2017-02-28,52.92
2194,2017-03-01,27.0
2195,2017-03-02,21.96
2196,2017-03-03,42.12
2197,2017-03-04,68.04
2198,2017-03-05,43.92
2199,2017-03-06,54.0
2200,2017-03-07,33.84
2201,2017-03-08,25.92
2202,2017-03-09,19.08
2203,2017-03-10,23.04
2204,2017-03-11,28.08
2205,2017-03-12,21.96
2206,2017-03-13,28.08
2207,2017-03-14,33.84
2208,2017-03-15,32.04
2209,2017-03-16,27.0
2210,2017-03-17,20.88
2211,2017-03-18,27.0
2212,2017-03-19,25.92
2213,2017-03-20,0.0
2214,2017-03-21,0.0
2215,2017-03-22,0.0
2216,2017-03-23,0.0
2217,2017-03-24,32.04
2218,2017-03-27,0.0
2219,2017-03-28,27.0
2220,2017-03-29,29.16
2221,2017-03-30,28.08
2222,2017-03-31,33.12
2223,2017-04-01,33.12
2224,2017-04-02,29.16
2225,2017-04-03,29.16
2226,2017-04-04,28.08
2227,2017-04-05,32.04
2228,2017-04-06,29.88
2229,2017-04-07,30.96
2230,2017-04-08,29.88
2231,2017-04-09,29.16
2232,2017-04-10,36.0
2233,2017-04-11,33.12
2234,2017-04-12,29.88
2235,2017-04-13,28.08
2236,2017-04-14,38.88
2237,2017-04-15,29.88
2238,2017-04-16,24.84
2239,2017-04-17,29.88
2240,2017-04-18,36.0
2241,2017-04-19,33.12
2242,2017-04-20,33.84
2243,2017-04-21,29.88
2244,2017-04-22,28.08
2245,2017-04-23,32.04
2246,2017-04-24,33.84
2247,2017-04-25,32.04
2248,2017-04-26,24.84
2249,2017-04-27,25.92
2250,2017-04-28,29.16
2251,2017-04-29,33.84
2252,2017-04-30,34.92
2253,2017-05-01,47.16
2254,2017-05-02,28.08
2255,2017-05-03,28.08
2256,2017-05-04,32.04
2257,2017-05-05,39.96
2258,2017-05-06,47.88
2259,2017-05-07,41.04
2260,2017-05-08,33.84
2261,2017-05-09,33.84
2262,2017-05-10,32.04
2263,2017-05-11,34.92
2264,2017-05-12,42.12
2265,2017-05-13,39.96
2266,2017-05-14,30.96
2267,2017-05-15,37.08
2268,2017-05-16,32.04
2269,2017-05-17,30.96
2270,2017-05-18,42.84
2271,2017-05-19,33.12
2272,2017-05-20,34.92
2273,2017-05-21,30.96
2274,2017-05-22,38.16
2275,2017-05-23,32.04
2276,2017-05-24,28.08
2277,2017-05-25,32.04
2278,2017-05-26,36.0
2279,2017-05-27,34.92
2280,2017-05-28,32.04
2281,2017-05-29,29.88
2282,2017-05-30,23.04
2283,2017-05-31,33.84
2284,2017-06-01,36.0
2285,2017-06-02,42.84
2286,2017-06-03,37.08
2287,2017-06-04,25.92
2288,2017-06-05,25.92
2289,2017-06-06,39.96
2290,2017-06-07,38.88
2291,2017-06-08,38.16
2292,2017-06-09,32.04
2293,2017-06-10,34.92
2294,2017-06-11,37.08
2295,2017-06-12,33.84
2296,2017-06-13,37.08
2297,2017-06-14,29.88
2298,2017-06-15,32.04
2299,2017-06-16,33.12
2300,2017-06-17,34.92
2301,2017-06-18,36.0
2302,2017-06-19,33.84
2303,2017-06-20,33.12
2304,2017-06-21,36.0
2305,2017-06-22,37.08
2306,2017-06-23,39.96
2307,2017-06-24,33.12
2308,2017-06-25,24.12
2309,2017-06-26,36.0
2310,2017-06-27,38.88
2311,2017-06-28,70.92
2312,2017-06-29,41.04
2313,2017-06-30,42.12
2314,2017-07-01,32.04
2315,2017-07-02,33.12
2316,2017-07-03,38.16
2317,2017-07-04,34.92
2318,2017-07-05,38.16
2319,2017-07-06,37.08
2320,2017-07-07,38.88
2321,2017-07-08,33.12
2322,2017-07-09,30.96
2323,2017-07-10,38.88
2324,2017-07-11,34.92
2325,2017-07-12,42.84
2326,2017-07-13,45.0
2327,2017-07-14,37.08
2328,2017-07-15,36.0
2329,2017-07-16,45.0
2330,2017-07-17,37.08
2331,2017-07-18,34.92
2332,2017-07-19,41.04
2333,2017-07-20,36.0
2334,2017-07-21,18.0
2335,2017-07-22,38.16
2336,2017-07-23,45.0
2337,2017-07-24,32.04
2338,2017-07-25,36.0
2339,2017-07-26,34.92
2340,2017-07-27,38.16
2341,2017-07-28,34.92
2342,2017-07-29,33.84
2343,2017-07-30,34.92
2344,2017-07-31,38.88
2345,2017-08-01,24.12
2346,2017-08-02,36.0
2347,2017-08-03,37.08
2348,2017-08-04,34.92
2349,2017-08-05,34.92
2350,2017-08-06,29.88
2351,2017-08-07,34.92
2352,2017-08-08,38.16
2353,2017-08-09,30.96
2354,2017-08-10,29.88
2355,2017-08-11,34.92
2356,2017-08-12,38.88
2357,2017-08-13,34.92
2358,2017-08-14,34.92
2359,2017-08-15,37.08
2360,2017-08-23,0.0
2361,2017-08-24,32.04
2362,2017-08-25,30.96
2363,2017-08-26,32.04
2364,2017-08-27,36.0
2365,2017-08-28,38.88
2366,2017-08-29,33.84
2367,2017-08-30,28.08
2368,2017-08-31,37.08
2369,2017-09-01,36.0
2370,2017-09-02,34.92
2371,2017-09-03,29.88
2372,2017-09-04,30.96
2373,2017-09-05,25.92
2374,2017-09-06,39.96
2375,2017-09-07,27.0
2376,2017-09-08,38.16
2377,2017-09-09,33.12
2378,2017-09-10,45.0
2379,2017-09-11,52.92
2380,2017-09-12,29.88
2381,2017-09-13,28.08
2382,2017-09-14,39.96
2383,2017-09-15,15.12
2384,2017-09-16,25.92
2385,2017-09-17,45.0
2386,2017-09-18,30.96
2387,2017-09-19,28.08
2388,2017-09-20,28.08
2389,2017-09-21,24.84
2390,2017-09-22,45.0
2391,2017-09-23,28.08
2392,2017-09-24,28.08
2393,2017-09-25,36.0
2394,2017-09-26,24.84
2395,2017-09-27,25.92
2396,2017-09-28,32.04
2397,2017-09-29,29.88
2398,2017-09-30,23.04
2399,2017-10-01,25.92
2400,2017-10-02,25.92
2401,2017-10-03,25.92
2402,2017-10-04,30.96
2403,2017-10-05,24.12
2404,2017-10-06,24.12
2405,2017-10-07,33.12
2406,2017-10-08,20.16
2407,2017-10-09,32.04
2408,2017-10-10,25.92
2409,2017-10-11,25.92
2410,2017-10-12,23.04
2411,2017-10-13,28.08
2412,2017-10-14,25.92
2413,2017-10-15,21.96
2414,2017-10-16,23.04
2415,2017-10-18,32.04
2416,2017-10-19,20.16
2417,2017-10-20,18.0
2418,2017-10-21,25.92
2419,2017-10-22,41.04
2420,2017-10-23,20.16
2421,2017-10-24,19.08
2422,2017-10-25,21.96
2423,2017-10-26,23.04
2424,2017-10-27,24.12
2425,2017-10-28,16.92
2426,2017-10-29,29.16
2427,2017-10-30,20.88
2428,2017-10-31,20.88
2429,2017-11-01,23.04
2430,2017-11-02,15.84
2431,2017-11-03,18.0
2432,2017-11-04,16.92
2433,2017-11-05,38.88
2434,2017-11-06,47.88
2435,2017-11-07,29.16
2436,2017-11-08,11.88
2437,2017-11-09,20.88
2438,2017-11-10,23.04
2439,2017-11-11,25.92
2440,2017-11-12,24.12
2441,2017-11-13,33.84
2442,2017-11-14,25.92
2443,2017-11-15,12.96
2444,2017-11-16,14.04
2445,2017-11-17,12.96
2446,2017-11-18,12.96
2447,2017-11-19,14.04
2448,2017-11-20,10.08
2449,2017-11-21,11.16
2450,2017-11-22,20.16
2451,2017-11-23,11.88
2452,2017-11-24,28.08
2453,2017-11-25,23.04
2454,2017-11-26,30.96
2455,2017-11-27,15.84
2456,2017-11-28,28.08
2457,2017-11-29,10.08
2458,2017-11-30,33.12
2459,2017-12-01,24.12
2460,2017-12-02,37.08
2461,2017-12-03,29.88
2462,2017-12-04,27.0
2463,2017-12-05,15.12
2464,2017-12-06,7.92
2465,2017-12-07,12.96
2466,2017-12-08,15.84
2467,2017-12-09,14.04
2468,2017-12-10,39.96
2469,2017-12-11,45.0
2470,2017-12-12,23.04
2471,2017-12-13,28.08
2472,2017-12-14,29.88
2473,2017-12-15,38.88
2474,2017-12-16,30.96
2475,2017-12-17,27.0
2476,2017-12-18,25.92
2477,2017-12-19,20.88
2478,2017-12-20,15.12
2479,2017-12-21,20.16
2480,2017-12-22,30.96
2481,2017-12-23,18.0
2482,2017-12-24,16.92
2483,2017-12-25,9.0
2484,2017-12-26,27.0
2485,2017-12-27,59.04
2486,2017-12-28,39.96
2487,2017-12-29,24.84
2488,2017-12-30,27.0
2489,2017-12-31,42.12
2490,2018-01-01,47.16
2491,2018-01-02,29.16
2492,2018-01-03,47.88
2493,2018-01-04,47.88
2494,2018-01-05,43.92
2495,2018-01-06,34.92
2496,2018-01-07,38.16
2497,2018-01-08,24.84
2498,2018-01-09,20.88
2499,2018-01-10,34.92
2500,2018-01-11,30.96
2501,2018-01-12,18.0
2502,2018-01-13,11.16
2503,2018-01-14,27.0
2504,2018-01-15,32.04
2505,2018-01-16,33.84
2506,2018-01-17,33.84
2507,2018-01-18,19.08
2508,2018-01-19,15.12
2509,2018-01-20,29.16
2510,2018-01-21,41.04
2511,2018-01-22,33.84
2512,2018-01-23,19.08
2513,2018-01-24,20.16
2514,2018-01-25,11.16
2515,2018-01-26,27.0
2516,2018-01-27,15.12
2517,2018-01-28,16.92
2518,2018-01-29,21.96
2519,2018-01-30,14.04
2520,2018-01-31,20.88
2521,2018-02-01,16.92
2522,2018-02-02,25.92
2523,2018-02-03,37.08
2524,2018-02-04,19.08
2525,2018-02-05,19.08
2526,2018-02-06,29.88
2527,2018-02-07,29.88
2528,2018-02-08,21.96
2529,2018-02-09,30.96
2530,2018-02-10,29.88
2531,2018-02-11,23.04
2532,2018-02-12,32.04
2533,2018-02-13,42.84
2534,2018-02-14,15.12
2535,2018-02-15,19.08
2536,2018-02-16,10.08
2537,2018-02-17,24.12
2538,2018-02-18,29.88
2539,2018-02-19,21.96
2540,2018-02-20,0.0
2541,2018-02-21,43.92
2542,2018-02-22,28.08
2543,2018-02-23,21.96
2544,2018-02-24,21.96
2545,2018-02-25,30.96
2546,2018-02-26,33.84
2547,2018-02-27,27.0
2548,2018-02-28,20.16
2549,2018-03-01,46.08
2550,2018-03-02,65.88
2551,2018-03-03,45.0
2552,2018-03-04,19.08
2553,2018-03-05,37.08
2554,2018-03-06,48.96
2555,2018-03-07,43.92
2556,2018-03-08,25.92
2557,2018-03-09,25.92
2558,2018-03-10,39.96
2559,2018-03-11,54.0
2560,2018-03-12,45.0
2561,2018-03-13,29.16
2562,2018-03-14,24.84
2563,2018-03-15,41.04
2564,2018-03-16,34.92
2565,2018-03-17,33.12
2566,2018-03-18,38.88
2567,2018-03-19,39.96
2568,2018-03-20,36.0
2569,2018-03-21,0.0
2570,2018-03-22,41.04
2571,2018-03-23,30.96
2572,2018-03-24,21.96
2573,2018-03-25,21.96
2574,2018-03-26,29.16
2575,2018-03-27,28.08
2576,2018-03-28,41.04
2577,2018-03-29,38.16
2578,2018-03-30,43.92
2579,2018-03-31,79.92
2580,2018-04-01,25.92
2581,2018-04-02,27.0
2582,2018-04-03,25.92
2583,2018-04-04,55.08
2584,2018-04-05,34.92
2585,2018-04-06,28.08
2586,2018-04-07,38.88
2587,2018-04-08,24.12
2588,2018-04-09,38.88
2589,2018-04-10,34.92
2590,2018-04-11,48.96
2591,2018-04-12,27.0
2592,2018-04-13,12.96
2593,2018-04-14,19.08
2594,2018-04-15,33.84
2595,2018-04-16,25.92
2596,2018-04-17,24.12
2597,2018-04-18,32.04
2598,2018-04-19,29.88
2599,2018-04-20,28.08
2600,2018-04-21,25.92
2601,2018-04-22,30.96
2602,2018-04-23,27.0
2603,2018-04-24,29.88
2604,2018-04-25,37.08
2605,2018-04-26,32.04
2606,2018-04-27,38.16
2607,2018-04-28,25.92
2608,2018-04-29,60.84
2609,2018-04-30,30.96
2610,2018-05-01,33.12
2611,2018-05-02,33.12
2612,2018-05-03,42.84
2613,2018-05-04,38.88
2614,2018-05-05,19.08
2615,2018-05-06,21.96
2616,2018-05-07,20.88
2617,2018-05-09,30.96
2618,2018-05-10,30.96
2619,2018-05-11,27.0
2620,2018-05-12,32.04
2621,2018-05-13,43.92
2622,2018-05-14,29.88
2623,2018-05-15,37.08
2624,2018-05-16,28.08
2625,2018-05-17,36.0
2626,2018-05-18,27.0
2627,2018-05-19,42.84
2628,2018-05-20,32.04
2629,2018-05-21,29.88
2630,2018-05-22,21.96
2631,2018-05-23,30.96
2632,2018-05-24,32.04
2633,2018-05-25,24.84
2634,2018-05-26,39.96
2635,2018-05-27,32.04
2636,2018-05-28,32.04
2637,2018-05-29,25.92
2638,2018-05-30,16.92
2639,2018-05-31,24.12
2640,2018-06-01,37.08
2641,2018-06-02,29.88
2642,2018-06-03,12.96
2643,2018-06-04,20.88
2644,2018-06-05,28.08
2645,2018-06-06,14.04
2646,2018-06-07,38.88
2647,2018-06-08,23.04
2648,2018-06-09,28.08
2649,2018-06-10,27.0
2650,2018-06-11,33.12
2651,2018-06-12,47.16
2652,2018-06-13,28.08
2653,2018-06-14,27.0
2654,2018-06-15,29.88
2655,2018-06-16,30.96
2656,2018-06-17,28.08
2657,2018-06-18,33.12
2658,2018-06-19,30.96
2659,2018-06-20,29.88
2660,2018-06-21,29.88
2661,2018-06-22,38.88
2662,2018-06-23,34.92
2663,2018-06-24,33.12
2664,2018-06-25,32.04
2665,2018-06-26,30.96
2666,2018-06-27,30.96
2667,2018-06-28,68.04
2668,2018-06-29,30.96
2669,2018-06-30,30.96
2670,2018-07-01,33.12
2671,2018-07-02,25.92
2672,2018-07-03,30.96
2673,2018-07-04,30.96
2674,2018-07-05,32.04
2675,2018-07-06,34.92
2676,2018-07-07,36.0
2677,2018-07-08,33.12
2678,2018-07-09,33.84
2679,2018-07-10,30.96
2680,2018-07-11,34.92
2681,2018-07-12,34.92
2682,2018-07-13,39.96
2683,2018-07-14,28.08
2684,2018-07-15,33.12
2685,2018-07-16,43.92
2686,2018-07-17,29.16
2687,2018-07-18,34.92
2688,2018-07-19,33.12
2689,2018-07-20,28.08
2690,2018-07-21,29.88
2691,2018-07-22,29.16
2692,2018-07-23,32.04
2693,2018-07-24,52.92
2694,2018-07-25,32.04
2695,2018-07-26,30.96
2696,2018-07-27,34.92
2697,2018-07-28,37.08
2698,2018-07-29,30.96
2699,2018-07-30,33.84
2700,2018-07-31,32.04
2701,2018-08-01,33.12
2702,2018-08-02,34.92
2703,2018-08-03,33.12
2704,2018-08-04,33.12
2705,2018-08-05,37.08
2706,2018-08-06,38.88
2707,2018-08-07,33.84
2708,2018-08-08,36.0
2709,2018-08-11,33.12
2710,2018-08-12,33.12
2711,2018-08-13,36.0
2712,2018-08-14,38.16
2713,2018-08-15,30.96
2714,2018-08-16,33.12
2715,2018-08-17,23.04
2716,2018-08-18,23.04
2717,2018-08-19,29.16
2718,2018-08-20,29.88
2719,2018-08-21,25.92
2720,2018-08-22,37.08
2721,2018-08-23,36.0
2722,2018-08-24,28.08
2723,2018-08-25,30.96
2724,2018-08-26,28.08
2725,2018-08-27,36.0
2726,2018-08-28,29.88
2727,2018-08-29,38.16
2728,2018-08-30,29.88
2729,2018-08-31,33.12
2730,2018-09-01,38.88
2731,2018-09-02,29.88
2732,2018-09-03,42.12
2733,2018-09-04,33.12
2734,2018-09-05,33.12
2735,2018-09-06,33.12
2736,2018-09-07,29.88
2737,2018-09-08,33.12
2738,2018-09-09,34.92
2739,2018-09-10,24.84
2740,2018-09-11,28.08
2741,2018-09-13,25.92
2742,2018-09-14,25.92
2743,2018-09-15,30.96
2744,2018-09-16,33.84
2745,2018-09-17,29.88
2746,2018-09-18,24.84
2747,2018-09-19,25.92
2748,2018-09-20,25.92
2749,2018-09-21,33.84
2750,2018-09-22,25.92
2751,2018-09-23,24.84
2752,2018-09-24,37.08
2753,2018-09-25,25.92
2754,2018-09-26,32.04
2755,2018-09-27,25.92
2756,2018-09-28,20.88
2757,2018-09-29,34.92
2758,2018-09-30,25.92
2759,2018-10-01,30.96
2760,2018-10-02,37.08
2761,2018-10-03,25.92
2762,2018-10-04,25.92
2763,2018-10-05,24.84
2764,2018-10-06,32.04
2765,2018-10-07,32.04
2766,2018-10-08,15.12
2767,2018-10-09,25.92
2768,2018-10-10,23.04
2769,2018-10-11,23.04
2770,2018-10-12,24.84
2771,2018-10-13,30.96
2772,2018-10-14,46.08
2773,2018-10-15,43.92
2774,2018-10-16,16.92
2775,2018-10-17,20.88
2776,2018-10-18,28.08
2777,2018-10-19,36.0
2778,2018-10-20,15.84
2779,2018-10-21,24.12
2780,2018-10-22,16.92
2781,2018-10-23,20.16
2782,2018-10-24,24.84
2783,2018-10-25,14.04
2784,2018-10-26,18.0
2785,2018-10-27,27.0
2786,2018-10-28,18.0
2787,2018-10-29,43.92
2788,2018-10-30,24.12
2789,2018-10-31,29.88
2790,2018-11-01,20.16
2791,2018-11-02,20.88
2792,2018-11-03,21.96
2793,2018-11-04,14.04
2794,2018-11-05,28.08
2795,2018-11-06,32.04
2796,2018-11-07,29.88
2797,2018-11-08,11.16
2798,2018-11-09,32.04
2799,2018-11-10,29.88
2800,2018-11-11,20.88
2801,2018-11-12,16.92
2802,2018-11-13,16.92
2803,2018-11-14,16.92
2804,2018-11-15,15.84
2805,2018-11-16,15.84
2806,2018-11-17,18.0
2807,2018-11-18,23.04
2808,2018-11-19,24.12
2809,2018-11-20,29.16
2810,2018-11-21,20.88
2811,2018-11-22,10.08
2812,2018-11-23,21.96
2813,2018-11-24,19.08
2814,2018-11-25,29.88
2815,2018-11-26,45.0
2816,2018-11-27,32.04
2817,2018-11-28,12.96
2818,2018-11-29,9.0
2819,2018-11-30,18.0
2820,2018-12-01,19.08
2821,2018-12-02,27.0
2822,2018-12-03,16.92
2823,2018-12-04,16.92
2824,2018-12-05,15.12
2825,2018-12-06,19.08
2826,2018-12-07,19.08
2827,2018-12-08,23.04
2828,2018-12-09,33.12
2829,2018-12-10,19.08
2830,2018-12-11,10.08
2831,2018-12-12,12.96
2832,2018-12-13,10.08
2833,2018-12-14,24.12
2834,2018-12-15,28.08
2835,2018-12-16,27.0
2836,2018-12-17,33.12
2837,2018-12-18,10.08
2838,2018-12-19,45.0
2839,2018-12-20,18.0
2840,2018-12-21,20.16
2841,2018-12-22,15.12
2842,2018-12-23,18.0
2843,2018-12-24,14.04
2844,2018-12-25,11.88
2845,2018-12-26,7.92
2846,2018-12-27,12.96
2847,2018-12-28,15.12
2848,2018-12-29,16.92
2849,2018-12-30,16.92
2850,2018-12-31,12.96
2851,2019-01-01,15.12
2852,2019-01-02,20.88
2853,2019-01-03,15.84
2854,2019-01-04,12.96
2855,2019-01-05,19.08
2856,2019-01-06,23.04
2857,2019-01-07,23.04
2858,2019-01-08,20.88
2859,2019-01-09,28.08
2860,2019-01-10,30.96
2861,2019-01-11,27.0
2862,2019-01-12,24.12
2863,2019-01-13,24.12
2864,2019-01-14,34.92
2865,2019-01-15,16.92
2866,2019-01-16,7.92
2867,2019-01-17,21.96
2868,2019-01-18,18.0
2869,2019-01-19,16.92
2870,2019-01-20,18.0
2871,2019-01-21,27.0
2872,2019-01-22,20.16
2873,2019-01-23,32.04
2874,2019-01-24,38.16
2875,2019-01-25,21.96
2876,2019-01-26,28.08
2877,2019-01-27,47.88
2878,2019-01-28,43.92
2879,2019-01-29,24.84
2880,2019-01-30,38.16
2881,2019-01-31,33.12
2882,2019-02-01,47.88
2883,2019-02-02,51.12
2884,2019-02-03,46.08
2885,2019-02-04,21.96
2886,2019-02-05,20.16
2887,2019-02-06,15.12
2888,2019-02-07,16.92
2889,2019-02-08,20.16
2890,2019-02-09,20.16
2891,2019-02-10,43.92
2892,2019-02-11,19.08
2893,2019-02-12,27.0
2894,2019-02-13,27.0
2895,2019-02-14,24.12
2896,2019-02-15,18.0
2897,2019-02-16,23.04
2898,2019-02-17,25.92
2899,2019-02-18,21.96
2900,2019-02-19,23.04
2901,2019-02-20,19.08
2902,2019-02-21,28.08
2903,2019-02-22,21.96
2904,2019-02-23,24.84
2905,2019-02-24,25.92
2906,2019-02-25,25.92
2907,2019-02-26,30.96
2908,2019-02-27,20.88
2909,2019-02-28,25.92
2910,2019-03-01,23.04
2911,2019-03-02,29.16
2912,2019-03-03,21.96
2913,2019-03-04,47.88
2914,2019-03-05,25.92
2915,2019-03-06,29.16
2916,2019-03-07,33.84
2917,2019-03-08,24.84
2918,2019-03-09,20.16
2919,2019-03-10,33.84
2920,2019-03-11,25.92
2921,2019-03-12,27.0
2922,2019-03-13,29.16
2923,2019-03-14,33.12
2924,2019-03-15,36.0
2925,2019-03-16,28.08
2926,2019-03-17,36.0
2927,2019-03-18,36.0
2928,2019-03-19,29.16
2929,2019-03-20,33.12
2930,2019-03-21,28.08
2931,2019-03-22,29.88
2932,2019-03-23,29.16
2933,2019-03-24,30.96
2934,2019-03-25,32.04
2935,2019-03-26,34.92
2936,2019-03-27,34.92
2937,2019-03-28,36.0
2938,2019-03-29,29.88
2939,2019-03-30,29.88
2940,2019-03-31,28.08
2941,2019-04-01,37.08
2942,2019-04-02,29.88
2943,2019-04-03,29.88
2944,2019-04-04,30.96
2945,2019-04-05,0.0
2946,2019-04-07,34.92
2947,2019-04-08,30.96
2948,2019-04-09,36.0
2949,2019-04-10,37.08
2950,2019-04-11,28.08
2951,2019-04-12,33.12
2952,2019-04-13,28.08
2953,2019-04-14,34.92
2954,2019-04-15,29.88
2955,2019-04-16,29.16
2956,2019-04-17,32.04
2957,2019-04-18,34.92
2958,2019-04-19,42.84
2959,2019-04-20,42.84
2960,2019-04-21,45.0
2961,2019-04-22,38.88
2962,2019-04-23,28.08
2963,2019-04-24,41.04
2964,2019-04-25,32.04
2965,2019-04-26,42.12
2966,2019-04-27,30.96
2967,2019-04-28,37.08
2968,2019-04-29,24.12
2969,2019-04-30,30.96
2970,2019-05-01,36.0
2971,2019-05-02,37.08
2972,2019-05-03,21.96
2973,2019-05-04,29.88
2974,2019-05-05,38.88
2975,2019-05-06,30.96
2976,2019-05-07,33.84
2977,2019-05-08,47.88
2978,2019-05-09,38.88
2979,2019-05-10,33.84
2980,2019-05-11,38.16
2981,2019-05-12,36.0
2982,2019-05-13,37.08
2983,2019-05-14,37.08
2984,2019-05-15,43.92
2985,2019-05-16,32.04
2986,2019-05-17,34.92
2987,2019-05-18,42.84
2988,2019-05-19,32.04
2989,2019-05-20,34.92
2990,2019-05-21,36.0
2991,2019-05-22,33.12
2992,2019-05-23,36.0
2993,2019-05-24,11.88
2994,2019-05-25,24.12
2995,2019-05-26,28.08
2996,2019-05-27,25.92
2997,2019-05-28,36.0
2998,2019-05-29,36.0
2999,2019-05-30,32.04
3000,2019-05-31,29.88
3001,2019-06-01,33.12
3002,2019-06-02,37.08
3003,2019-06-03,30.96
3004,2019-06-04,33.84
3005,2019-06-05,38.16
3006,2019-06-06,36.0
3007,2019-06-07,42.84
3008,2019-06-08,32.04
3009,2019-06-09,32.04
3010,2019-06-10,33.12
3011,2019-06-11,23.04
3012,2019-06-12,30.96
3013,2019-06-13,33.12
3014,2019-06-14,43.92
3015,2019-06-15,34.92
3016,2019-06-16,33.12
3017,2019-06-17,36.0
3018,2019-06-18,33.84
3019,2019-06-19,36.0
3020,2019-06-20,39.96
3021,2019-06-21,25.92
3022,2019-06-22,33.12
3023,2019-06-23,32.04
3024,2019-06-24,30.96
3025,2019-06-25,33.84
3026,2019-06-26,37.08
3027,2019-06-27,33.12
3028,2019-06-28,28.08
3029,2019-06-29,37.08
3030,2019-07-01,37.08
3031,2019-07-02,36.0
3032,2019-07-03,47.88
3033,2019-07-04,34.92
3034,2019-07-05,36.0
3035,2019-07-06,45.0
3036,2019-07-07,47.88
3037,2019-07-08,28.08
3038,2019-07-09,37.08
3039,2019-07-10,25.92
3040,2019-07-11,29.88
3041,2019-07-12,38.88
3042,2019-07-13,38.16
3043,2019-07-14,56.16
3044,2019-07-15,37.08
3045,2019-07-16,37.08
3046,2019-07-17,65.16
3047,2019-07-18,34.92
3048,2019-07-19,34.92
3049,2019-07-20,39.96
3050,2019-07-21,36.0
3051,2019-07-22,42.84
3052,2019-07-23,39.96
3053,2019-07-24,34.92
3054,2019-07-25,36.0
3055,2019-07-26,33.12
3056,2019-07-27,42.84
3057,2019-07-28,32.04
3058,2019-07-29,37.08
3059,2019-07-30,34.92
3060,2019-07-31,33.12
3061,2019-08-01,30.96
3062,2019-08-02,38.88
3063,2019-08-03,38.88
3064,2019-08-04,38.16
3065,2019-08-05,32.04
3066,2019-08-06,30.96
3067,2019-08-07,34.92
3068,2019-08-08,33.84
3069,2019-08-09,34.92
3070,2019-08-10,34.92
3071,2019-08-11,28.08
3072,2019-08-12,32.04
3073,2019-08-13,30.96
3074,2019-08-14,37.08
3075,2019-08-15,37.08
3076,2019-08-16,32.04
3077,2019-08-17,32.04
3078,2019-08-18,39.96
3079,2019-08-19,32.04
3080,2019-08-20,28.08
3081,2019-08-21,37.08
3082,2019-08-22,36.0
3083,2019-08-23,33.12
3084,2019-08-24,36.0
3085,2019-08-25,34.92
3086,2019-08-26,30.96
3087,2019-08-27,25.92
3088,2019-08-28,27.0
3089,2019-08-29,29.88
3090,2019-08-30,28.08
3091,2019-08-31,42.12
3092,2019-09-01,32.04
3093,2019-09-02,29.88
3094,2019-09-03,32.04
3095,2019-09-04,27.0
3096,2019-09-05,32.04
3097,2019-09-06,25.92
3098,2019-09-07,27.0
3099,2019-09-08,34.92
3100,2019-09-09,0.0
3101,2019-09-11,43.92
3102,2019-09-12,29.88
3103,2019-09-13,33.84
3104,2019-09-14,21.96
3105,2019-09-15,24.84
3106,2019-09-16,27.0
3107,2019-09-17,32.04
3108,2019-09-18,29.88
3109,2019-09-19,33.12
3110,2019-09-20,29.88
3111,2019-09-21,19.08
3112,2019-09-22,33.84
3113,2019-09-23,38.88
3114,2019-09-24,29.88
3115,2019-09-25,29.88
3116,2019-09-26,24.84
3117,2019-09-27,30.96
3118,2019-09-28,32.04
3119,2019-09-29,28.08
3120,2019-09-30,34.92
3121,2019-10-01,33.12
3122,2019-10-02,30.96
3123,2019-10-03,24.12
3124,2019-10-04,24.12
3125,2019-10-05,33.84
3126,2019-10-06,29.16
3127,2019-10-07,24.84
3128,2019-10-08,25.92
3129,2019-10-09,28.08
3130,2019-10-10,24.84
3131,2019-10-11,29.16
3132,2019-10-12,29.88
3133,2019-10-13,30.96
3134,2019-10-14,25.92
3135,2019-10-15,41.04
3136,2019-10-16,30.96
3137,2019-10-17,28.08
3138,2019-10-18,27.0
3139,2019-10-19,30.96
3140,2019-10-20,38.16
3141,2019-10-21,14.04
3142,2019-10-22,0.0
3143,2019-10-23,0.0
3144,2019-10-24,34.92
3145,2019-10-25,19.08
3146,2019-10-26,23.04
3147,2019-10-27,20.88
3148,2019-10-28,9.0
3149,2019-10-29,9.0
3150,2019-10-30,20.16
3151,2019-10-31,19.08
3152,2019-11-01,11.88
3153,2019-11-02,39.96
3154,2019-11-03,59.04
3155,2019-11-04,50.04
3156,2019-11-05,54.0
3157,2019-11-06,33.12
3158,2019-11-07,29.88
3159,2019-11-08,50.04
3160,2019-11-09,37.08
3161,2019-11-10,32.04
3162,2019-11-11,27.0
3163,2019-11-12,43.92
3164,2019-11-13,16.92
3165,2019-11-14,38.88
3166,2019-11-15,32.04
3167,2019-11-16,32.04
3168,2019-11-17,30.96
3169,2019-11-18,32.04
3170,2019-11-19,20.16
3171,2019-11-20,15.12
3172,2019-11-21,28.08
3173,2019-11-22,37.08
3174,2019-11-23,46.08
3175,2019-11-24,37.08
3176,2019-11-25,20.16
3177,2019-11-26,15.12
3178,2019-11-27,38.16
3179,2019-11-28,34.92
3180,2019-11-29,29.16
3181,2019-11-30,11.88
3182,2019-12-01,16.92
3183,2019-12-02,20.88
3184,2019-12-03,21.96
3185,2019-12-04,39.96
3186,2019-12-05,33.12
3187,2019-12-06,15.84
3188,2019-12-07,16.92
3189,2019-12-08,14.04
3190,2019-12-09,52.92
3191,2019-12-10,34.92
3192,2019-12-11,34.92
3193,2019-12-12,39.96
3194,2019-12-13,61.92
3195,2019-12-14,41.04
3196,2019-12-15,29.88
3197,2019-12-16,9.0
3198,2019-12-17,19.08
3199,2019-12-18,15.84
3200,2019-12-19,14.04
3201,2019-12-20,54.0
3202,2019-12-21,70.92
3203,2019-12-22,66.96
3204,2019-12-23,39.96
3205,2019-12-24,19.08
3206,2019-12-25,11.88
3207,2019-12-26,20.16
3208,2019-12-27,16.92
3209,2019-12-28,16.92
3210,2019-12-29,15.12
3211,2019-12-30,18.0
3212,2019-12-31,16.92
3213,2020-01-01,15.12
3214,2020-01-02,12.96
3215,2020-01-03,12.96
3216,2020-01-04,21.96
3217,2020-01-05,18.0
3218,2020-01-06,9.0
3219,2020-01-07,15.84
3220,2020-01-08,11.88
3221,2020-01-09,19.08
3222,2020-01-10,36.0
3223,2020-01-11,16.92
3224,2020-01-12,18.0
3225,2020-01-13,11.16
3226,2020-01-14,12.96
3227,2020-01-15,15.12
3228,2020-01-16,21.96
3229,2020-01-17,56.88
3230,2020-01-18,18.0
3231,2020-01-19,42.12
3232,2020-01-20,60.84
3233,2020-01-21,59.04
3234,2020-01-22,29.88
3235,2020-01-23,34.92
3236,2020-01-24,11.16
3237,2020-01-25,9.0
3238,2020-01-26,29.16
3239,2020-01-27,32.04
3240,2020-01-28,24.84
3241,2020-01-29,16.92
3242,2020-01-30,25.92
3243,2020-01-31,14.04
3244,2020-02-01,20.88
3245,2020-02-02,23.04
3246,2020-02-03,20.88
3247,2020-02-04,34.92
3248,2020-02-05,28.08
3249,2020-02-06,24.12
3250,2020-02-07,18.0
3251,2020-02-08,15.12
3252,2020-02-09,30.96
3253,2020-02-10,30.96
3254,2020-02-11,21.96
3255,2020-02-12,24.84
3256,2020-02-13,32.04
3257,2020-02-14,21.96
3258,2020-02-15,24.12
3259,2020-02-16,27.0
3260,2020-02-17,29.88
3261,2020-02-18,24.84
3262,2020-02-19,20.16
3263,2020-02-20,15.12
3264,2020-02-21,25.92
3265,2020-02-22,20.88
3266,2020-02-23,28.08
3267,2020-02-24,27.0
3268,2020-02-25,28.08
3269,2020-02-26,55.08
3270,2020-02-27,50.04
3271,2020-02-28,30.96
3272,2020-02-29,37.08
3273,2020-03-01,54.0
3274,2020-03-02,73.08
3275,2020-03-03,51.12
3276,2020-03-04,33.12
3277,2020-03-05,52.92
3278,2020-03-06,50.04
3279,2020-03-07,36.0
3280,2020-03-08,28.08
3281,2020-03-09,42.84
3282,2020-03-10,25.92
3283,2020-03-11,20.88
3284,2020-03-12,28.08
3285,2020-03-13,25.92
3286,2020-03-14,27.0
3287,2020-03-15,27.0
3288,2020-03-16,30.96
3289,2020-03-17,20.88
3290,2020-03-18,24.84
3291,2020-03-19,29.88
3292,2020-03-20,32.04
3293,2020-03-21,25.92
3294,2020-03-22,24.12
3295,2020-03-23,16.92
3296,2020-03-24,27.0
3297,2020-03-25,25.92
3298,2020-03-26,33.12
3299,2020-03-27,19.08
3300,2020-03-28,20.16
3301,2020-03-29,29.88
3302,2020-03-30,27.0
3303,2020-03-31,15.12
3304,2020-04-01,29.88
3305,2020-04-02,27.0
3306,2020-04-03,32.04
3307,2020-04-04,30.96
3308,2020-04-05,30.96
3309,2020-04-06,28.08
3310,2020-04-07,15.12
3311,2020-04-08,27.0
3312,2020-04-09,30.96
3313,2020-04-10,27.0
3314,2020-04-11,21.96
3315,2020-04-12,29.88
3316,2020-04-13,24.12
3317,2020-04-14,28.08
3318,2020-04-15,29.88
3319,2020-04-16,30.96
3320,2020-04-17,30.96
3321,2020-04-18,34.92
3322,2020-04-19,16.92
3323,2020-04-20,27.0
3324,2020-04-21,24.84
3325,2020-04-22,30.96
3326,2020-04-23,24.84
3327,2020-04-24,30.96
3328,2020-04-25,33.12
3329,2020-04-26,29.16
3330,2020-04-27,46.08
3331,2020-04-28,48.96
3332,2020-04-29,36.0
3333,2020-04-30,52.92
3334,2020-05-01,46.08
3335,2020-05-02,38.88
3336,2020-05-03,29.88
3337,2020-05-04,28.08
3338,2020-05-05,24.12
3339,2020-05-06,32.04
3340,2020-05-07,29.88
3341,2020-05-08,29.16
3342,2020-05-09,24.84
3343,2020-05-10,33.84
3344,2020-05-11,56.16
3345,2020-05-12,33.12
3346,2020-05-13,32.04
3347,2020-05-14,18.0
3348,2020-05-15,25.92
3349,2020-05-16,38.88
3350,2020-05-17,27.0
3351,2020-05-18,28.08
3352,2020-05-19,24.84
3353,2020-05-20,30.96
3354,2020-05-21,24.84
3355,2020-05-22,34.92
3356,2020-05-23,29.16
3357,2020-05-24,29.88
3358,2020-05-25,24.12
3359,2020-05-26,30.96
3360,2020-05-27,34.92
3361,2020-05-28,36.0
3362,2020-05-29,47.88
3363,2020-05-30,33.12
3364,2020-05-31,37.08
3365,2020-06-01,32.04
3366,2020-06-02,34.92
3367,2020-07-01,0.0
3368,2020-07-02,0.0
3369,2020-07-03,0.0
3370,2020-07-04,0.0
3371,2020-07-05,0.0
3372,2020-07-06,0.0
3373,2020-07-07,0.0
3374,2020-07-08,0.0
3375,2020-07-09,0.0
3376,2020-07-10,38.88
3377,2020-07-11,37.08
3378,2020-07-12,42.12
3379,2020-07-13,42.84
3380,2020-07-14,33.84
3381,2020-07-15,27.0
3382,2020-07-16,33.12
3383,2020-07-17,30.96
3384,2020-07-18,38.16
3385,2020-07-19,32.04
3386,2020-07-20,19.08
3387,2020-07-21,33.12
3388,2020-07-22,34.92
3389,2020-07-23,33.12
3390,2020-07-24,29.88
3391,2020-07-25,29.88
3392,2020-07-26,34.92
3393,2020-07-27,33.12
3394,2020-07-28,28.08
3395,2020-07-29,30.96
3396,2020-07-30,30.96
3397,2020-07-31,34.92
3398,2020-08-01,32.04
3399,2020-08-02,32.04
3400,2020-08-03,32.04
3401,2020-08-04,33.12
3402,2020-08-05,34.92
3403,2020-08-06,33.84
3404,2020-08-07,34.92
3405,2020-08-08,32.04
3406,2020-08-09,42.12
3407,2020-08-10,25.92
3408,2020-08-11,32.04
3409,2020-08-12,46.08
3410,2020-08-13,36.0
3411,2020-08-14,33.12
3412,2020-08-15,37.08
3413,2020-08-16,33.12
3414,2020-08-17,34.92
3415,2020-08-18,23.04
3416,2020-08-19,32.04
3417,2020-08-20,33.84
3418,2020-08-21,33.12
3419,2020-08-22,34.92
3420,2020-08-23,30.96
3421,2020-08-24,38.16
3422,2020-08-25,30.96
3423,2020-08-26,33.12
3424,2020-08-27,32.04
3425,2020-08-28,38.16
3426,2020-08-29,27.0
3427,2020-08-30,29.88
3428,2020-08-31,25.92
3429,2020-09-01,30.96
3430,2020-09-02,25.92
3431,2020-09-03,37.08
3432,2020-09-04,29.88
3433,2020-09-05,32.04
3434,2020-09-06,32.04
3435,2020-09-08,32.04
3436,2020-09-09,18.0
3437,2020-09-10,48.96
3438,2020-09-11,32.04
3439,2020-09-12,28.08
3440,2020-09-13,24.84
3441,2020-09-14,29.88
3442,2020-09-15,24.84
3443,2020-09-16,24.12
3444,2020-09-17,20.88
3445,2020-09-18,20.16
3446,2020-09-19,20.16
3447,2020-09-20,28.08
3448,2020-09-21,30.96
3449,2020-09-22,29.88
3450,2020-09-23,33.84
3451,2020-09-24,36.0
3452,2020-09-25,63.0
3453,2020-09-26,51.12
3454,2020-09-27,38.88
3455,2020-09-28,25.92
3456,2020-09-29,28.08
3457,2020-09-30,27.0
3458,2020-10-01,28.08
3459,2020-10-02,55.08
3460,2020-10-03,50.04
3461,2020-10-04,41.04
3462,2020-10-05,27.0
3463,2020-10-06,30.96
3464,2020-10-07,33.84
3465,2020-10-08,20.16
3466,2020-10-09,24.12
3467,2020-10-10,33.12
3468,2020-10-11,38.88
3469,2020-10-12,32.04
3470,2020-10-13,32.04
3471,2020-10-14,41.04
3472,2020-10-15,32.04
3473,2020-10-16,16.92
3474,2020-10-17,20.88
3475,2020-10-18,20.88
3476,2020-10-19,23.04
3477,2020-10-20,20.88
3478,2020-10-21,24.12
3479,2020-10-22,14.04
3480,2020-10-23,37.08
3481,2020-10-24,29.16
3482,2020-10-25,41.04
3483,2020-10-26,41.04
3484,2020-10-27,27.0
3485,2020-10-28,19.08
3486,2020-10-29,24.12
3487,2020-10-30,15.12
3488,2020-10-31,20.88
3489,2020-11-01,18.0
3490,2020-11-02,25.92
3491,2020-11-03,15.84
3492,2020-11-04,18.0
3493,2020-11-05,18.0
3494,2020-11-06,23.04
3495,2020-11-07,29.88
3496,2020-11-08,14.04
3497,2020-11-09,11.88
3498,2020-11-10,15.12
3499,2020-11-11,16.92
3500,2020-11-12,11.88
3501,2020-11-13,10.08
3502,2020-11-14,7.92
3503,2020-11-15,41.04
3504,2020-11-16,18.0
3505,2020-11-17,14.04
3506,2020-11-18,14.04
3507,2020-11-19,23.04
3508,2020-11-20,21.96
3509,2020-11-21,12.96
3510,2020-11-22,9.0
3511,2020-11-23,0.0
3512,2020-11-24,0.0
3513,2020-11-25,10.08
3514,2020-11-26,0.0
3515,2020-11-27,0.0
3516,2020-11-28,0.0
3517,2020-11-29,0.0
3518,2020-11-30,16.92
3519,2020-12-01,24.12
3520,2020-12-02,30.96
3521,2020-12-03,24.12
3522,2020-12-04,36.0
3523,2020-12-05,32.04
3524,2020-12-06,36.0
3525,2020-12-07,24.12
3526,2020-12-08,29.88
3527,2020-12-09,43.92
3528,2020-12-10,33.12
3529,2020-12-11,24.12
3530,2020-12-12,42.12
3531,2020-12-13,19.08
3532,2020-12-14,14.04
3533,2020-12-15,29.16
3534,2020-12-16,10.08
3535,2020-12-17,7.92
3536,2020-12-18,0.0
3537,2020-12-19,0.0
3538,2020-12-21,0.0
3539,2020-12-22,0.0
3540,2020-12-23,12.96
3541,2020-12-24,0.0
3542,2020-12-25,34.92
3543,2020-12-26,38.16
3544,2020-12-27,0.0
3545,2020-12-28,57.96
3546,2020-12-29,45.0
3547,2020-12-30,34.92
3548,2020-12-31,0.0
3549,2021-01-01,27.0
3550,2021-01-02,29.16
3551,2021-01-03,25.92
3552,2021-01-04,29.16
3553,2021-01-05,21.96
3554,2021-01-06,18.0
3555,2021-01-07,20.16
3556,2021-01-08,11.88
3557,2021-01-09,36.0
3558,2021-01-10,30.96
3559,2021-01-11,24.84
3560,2021-01-12,38.88
3561,2021-01-13,32.04
3562,2021-01-14,33.12
3563,2021-01-15,23.04
3564,2021-01-16,23.04
3565,2021-01-17,38.16
3566,2021-01-18,12.96
3567,2021-01-19,15.12
3568,2021-01-20,11.88
3569,2021-01-21,38.88
3570,2021-01-22,74.88
3571,2021-01-23,46.08
3572,2021-01-24,57.96
3573,2021-01-25,25.92
3574,2021-01-26,25.92
3575,2021-01-27,14.04
3576,2021-01-28,36.0
3577,2021-01-29,37.08
3578,2021-01-30,56.16
3579,2021-01-31,41.04
3580,2021-02-01,56.16
3581,2021-02-02,29.88
3582,2021-02-03,29.16
3583,2021-02-04,24.84
3584,2021-02-05,15.84
3585,2021-02-06,24.12
3586,2021-02-07,29.88
3587,2021-02-08,28.08
3588,2021-02-09,29.16
3589,2021-02-10,42.12
3590,2021-02-11,27.0
3591,2021-02-12,37.08
3592,2021-02-13,23.04
3593,2021-02-14,0.0
3594,2021-02-15,15.84
3595,2021-02-16,16.92
3596,2021-02-17,24.12
3597,2021-02-18,27.0
3598,2021-02-19,24.84
3599,2021-02-20,24.84
3600,2021-02-21,38.88
3601,2021-02-22,21.96
3602,2021-02-23,24.84
3603,2021-02-24,23.04
3604,2021-02-25,21.96
3605,2021-02-26,11.16
3606,2021-02-27,24.12
3607,2021-02-28,23.04
3608,2021-03-01,28.08
3609,2021-03-02,12.96
3610,2021-03-03,24.12
3611,2021-03-04,18.0
3612,2021-03-05,21.96
3613,2021-03-06,27.0
3614,2021-03-07,23.04
3615,2021-03-08,27.0
3616,2021-03-09,29.88
3617,2021-03-10,24.12
3618,2021-03-11,27.0
3619,2021-03-12,37.08
3620,2021-03-13,42.84
3621,2021-03-14,38.88
3622,2021-03-15,30.96
3623,2021-03-16,27.0
3624,2021-03-17,37.08
3625,2021-03-18,33.12
3626,2021-03-19,39.96
3627,2021-03-20,29.16
3628,2021-03-21,29.16
3629,2021-03-22,33.12
3630,2021-03-23,33.12
3631,2021-03-24,27.0
3632,2021-03-25,34.92
3633,2021-03-26,32.04
3634,2021-03-27,25.92
3635,2021-03-28,34.92
3636,2021-03-29,27.0
3637,2021-03-30,30.96
3638,2021-03-31,32.04
3639,2021-04-01,29.88
3640,2021-04-02,37.08
3641,2021-04-03,29.88
3642,2021-04-04,27.0
3643,2021-04-05,33.84
3644,2021-04-06,38.88
3645,2021-04-07,34.92
3646,2021-04-08,0.0
3647,2021-04-09,0.0
3648,2021-04-10,0.0
3649,2021-04-11,0.0
3650,2021-04-12,0.0
3651,2021-04-13,0.0
3652,2021-04-14,38.16
3653,2021-04-15,34.92
3654,2021-04-16,27.0
3655,2021-04-17,32.04
3656,2021-04-18,33.12
3657,2021-04-19,36.0
3658,2021-04-20,15.84
3659,2021-04-21,20.16
3660,2021-04-22,23.04
3661,2021-04-23,37.08
3662,2021-04-24,32.04
3663,2021-04-25,34.92
3664,2021-04-26,18.0
3665,2021-04-27,25.92
3666,2021-04-28,23.04
3667,2021-04-29,28.08
3668,2021-04-30,16.92
3669,2021-05-01,33.12
3670,2021-05-02,29.88
3671,2021-05-03,33.84
3672,2021-05-04,29.88
3673,2021-05-05,36.0
3674,2021-05-06,36.0
3675,2021-05-07,39.96
3676,2021-05-08,36.0
3677,2021-05-09,28.08
3678,2021-05-10,32.04
3679,2021-05-11,39.96
3680,2021-05-12,51.84
3681,2021-05-13,43.92
3682,2021-05-14,41.04
3683,2021-05-15,47.88
3684,2021-05-16,48.96
3685,2021-05-17,38.88
3686,2021-05-18,42.12
3687,2021-05-19,33.84
3688,2021-05-20,33.12
3689,2021-05-21,37.08
3690,2021-05-22,34.92
3691,2021-05-23,23.04
3692,2021-05-24,46.08
3693,2021-05-25,41.04
3694,2021-05-26,30.96
3695,2021-05-27,38.88
3696,2021-05-28,39.96
3697,2021-05-29,41.04
3698,2021-05-30,39.96
3699,2021-05-31,34.92
3700,2021-06-01,32.04
3701,2021-06-02,37.08
3702,2021-06-03,38.88
3703,2021-06-04,29.88
3704,2021-06-05,34.92
3705,2021-06-06,34.92
3706,2021-06-07,37.08
3707,2021-06-08,33.84
3708,2021-06-09,36.0
3709,2021-06-10,32.04
3710,2021-06-11,48.96
3711,2021-06-12,36.0
3712,2021-06-13,42.12
3713,2021-06-14,33.84
3714,2021-06-15,33.84
3715,2021-06-16,34.92
3716,2021-06-17,39.96
3717,2021-06-18,36.0
3718,2021-06-19,28.08
3719,2021-06-20,32.04
3720,2021-06-21,34.92
3721,2021-06-22,32.04
3722,2021-06-23,24.84
3723,2021-06-24,29.88
3724,2021-06-25,34.92
3725,2021-06-26,36.0
3726,2021-06-27,38.88
3727,2021-06-28,36.0
3728,2021-06-29,36.0
3729,2021-06-30,29.16
3730,2021-07-01,38.88
3731,2021-07-02,38.16
3732,2021-07-03,39.96
3733,2021-07-04,43.92
3734,2021-07-05,38.16
3735,2021-07-06,37.08
3736,2021-07-07,37.08
3737,2021-07-08,33.12
3738,2021-07-09,37.08
3739,2021-07-10,38.16
3740,2021-07-11,43.92
3741,2021-07-12,34.92
3742,2021-07-13,33.12
3743,2021-07-14,38.88
3744,2021-07-15,33.84
3745,2021-07-16,36.0
3746,2021-07-17,36.0
3747,2021-07-18,41.04
3748,2021-07-19,34.92
3749,2021-07-20,34.92
3750,2021-07-21,38.88
3751,2021-07-22,32.04
3752,2021-07-23,34.92
3753,2021-07-24,36.0
3754,2021-07-25,37.08
3755,2021-07-26,29.16
3756,2021-07-27,32.04
3757,2021-07-28,34.92
3758,2021-07-29,29.88
3759,2021-07-30,39.96
3760,2021-07-31,45.0
3761,2021-08-01,24.12
3762,2021-08-02,38.88
3763,2021-08-03,30.96
3764,2021-08-04,42.12
3765,2021-08-05,30.96
3766,2021-08-06,37.08
3767,2021-08-07,36.0
3768,2021-08-08,37.08
3769,2021-08-09,30.96
3770,2021-08-10,36.0
3771,2021-08-11,30.96
3772,2021-08-12,36.0
3773,2021-08-13,38.88
3774,2021-08-14,42.12
3775,2021-08-15,41.04
3776,2021-08-16,34.92
3777,2021-08-17,29.88
3778,2021-08-18,34.92
3779,2021-08-19,51.84
3780,2021-08-20,36.0
3781,2021-08-21,38.88
3782,2021-08-22,33.84
3783,2021-08-23,33.84
3784,2021-08-24,33.12
3785,2021-08-25,51.12
3786,2021-08-26,34.92
3787,2021-08-27,33.84
3788,2021-08-28,36.0
3789,2021-08-29,29.88
3790,2021-08-30,28.08
3791,2021-08-31,33.84
3792,2021-09-01,29.88
3793,2021-09-02,37.08
3794,2021-09-03,37.08
3795,2021-09-04,36.0
3796,2021-09-05,32.04
3797,2021-09-06,39.96
3798,2021-09-07,27.0
3799,2021-09-08,33.84
3800,2021-09-09,33.84
3801,2021-09-10,39.96
3802,2021-09-11,28.08
3803,2021-09-12,27.0
3804,2021-09-13,27.0
3805,2021-09-14,29.88
3806,2021-09-15,27.0
3807,2021-09-16,23.04
3808,2021-09-17,24.84
3809,2021-09-18,24.84
3810,2021-09-19,27.0
3811,2021-09-20,34.92
3812,2021-09-21,15.12
3813,2021-09-22,11.88
3814,2021-09-23,14.04
3815,2021-09-24,18.0
3816,2021-09-25,24.12
3817,2021-09-26,29.88
3818,2021-09-27,27.0
3819,2021-09-28,24.12
3820,2021-09-29,29.88
3821,2021-09-30,18.0
3822,2021-10-01,27.0
3823,2021-10-02,28.08
3824,2021-10-03,33.84
3825,2021-10-04,32.04
3826,2021-10-05,33.12
3827,2021-10-06,23.04
3828,2021-10-07,18.0
3829,2021-10-08,23.04
3830,2021-10-09,28.08
3831,2021-10-10,29.88
3832,2021-10-11,18.0
3833,2021-10-12,14.04
3834,2021-10-13,32.04
3835,2021-10-14,24.84
3836,2021-10-15,14.04
3837,2021-10-16,29.88
3838,2021-10-17,25.92
3839,2021-10-18,23.04
3840,2021-10-19,25.92
3841,2021-10-20,23.04
3842,2021-10-21,24.12
3843,2021-10-22,15.84
3844,2021-10-23,20.88
3845,2021-10-24,20.16
3846,2021-10-25,24.12
3847,2021-10-26,21.96
3848,2021-10-27,25.92
3849,2021-10-28,21.96
3850,2021-10-29,19.08
3851,2021-10-30,20.16
3852,2021-10-31,33.12
3853,2021-11-01,51.12
3854,2021-11-02,24.84
3855,2021-11-03,29.88
3856,2021-11-04,16.92
3857,2021-11-05,21.96
3858,2021-11-06,23.04
3859,2021-11-07,23.04
3860,2021-11-08,21.96
3861,2021-11-09,33.12
3862,2021-11-10,20.16
3863,2021-11-11,27.0
3864,2021-11-12,15.12
3865,2021-11-13,20.88
3866,2021-11-14,15.84
3867,2021-11-15,23.04
3868,2021-11-16,14.04
3869,2021-11-17,25.92
3870,2021-11-18,14.04
3871,2021-11-19,12.96
3872,2021-11-20,9.0
3873,2021-11-21,15.84
3874,2021-11-22,16.92
3875,2021-11-23,29.88
3876,2021-11-24,23.04
3877,2021-11-25,29.88
3878,2021-11-26,32.04
3879,2021-11-27,34.92
3880,2021-11-28,51.12
3881,2021-11-29,37.08
3882,2021-11-30,19.08
3883,2021-12-01,23.04
3884,2021-12-02,34.92
3885,2021-12-03,18.0
3886,2021-12-04,45.0
3887,2021-12-05,45.0
3888,2021-12-06,30.96
3889,2021-12-07,24.84
3890,2021-12-08,61.92
3891,2021-12-09,42.12
3892,2021-12-10,48.96
3893,2021-12-11,33.12
3894,2021-12-12,16.92
3895,2021-12-13,9.0
3896,2021-12-14,9.0
3897,2021-12-15,9.0
3898,2021-12-16,11.88
3899,2021-12-17,10.08
3900,2021-12-18,11.88
3901,2021-12-19,11.16
3902,2021-12-20,24.84
3903,2021-12-21,14.04
3904,2021-12-22,20.88
3905,2021-12-23,7.92
3906,2021-12-24,15.12
3907,2021-12-25,25.92
3908,2021-12-26,20.16
3909,2021-12-27,51.84
3910,2021-12-28,38.88
3911,2021-12-29,23.04
3912,2021-12-30,16.92
3913,2021-12-31,9.0
3914,2022-01-01,11.88
3915,2022-01-02,16.92
3916,2022-01-03,14.04
3917,2022-01-05,32.04
3918,2022-01-06,32.04
3919,2022-01-07,15.84
3920,2022-01-08,38.16
3921,2022-01-09,51.12
3922,2022-01-10,16.92
3923,2022-01-11,15.12
3924,2022-01-12,15.12
3925,2022-01-13,16.92
3926,2022-01-14,10.08
3927,2022-01-15,21.96
3928,2022-01-16,18.0
3929,2022-01-17,28.08
3930,2022-01-18,16.92
3931,2022-01-19,10.08
3932,2022-01-20,24.12
3933,2022-01-21,16.92
3934,2022-01-22,16.92
3935,2022-01-23,15.12
3936,2022-01-24,10.08
3937,2022-01-25,11.88
3938,2022-01-26,15.12
3939,2022-01-27,19.08
3940,2022-01-28,24.84
3941,2022-01-29,19.08
3942,2022-01-30,28.08
3943,2022-01-31,32.04
3944,2022-02-01,39.96
3945,2022-02-02,33.12
3946,2022-02-03,19.08
3947,2022-02-04,20.16
3948,2022-02-05,11.88
3949,2022-02-06,25.92
3950,2022-02-07,23.04
3951,2022-02-08,23.04
3952,2022-02-09,23.04
3953,2022-02-10,23.04
3954,2022-02-11,23.04
3955,2022-02-12,30.96
3956,2022-02-13,24.84
3957,2022-02-14,45.0
3958,2022-02-15,36.0
3959,2022-02-16,29.88
3960,2022-02-17,24.84
3961,2022-02-18,24.12
3962,2022-02-19,25.92
3963,2022-02-20,29.88
3964,2022-02-21,46.08
3965,2022-02-22,29.88
3966,2022-02-23,27.0
3967,2022-02-24,24.84
3968,2022-02-25,16.92
3969,2022-02-26,34.92
3970,2022-02-27,27.0
3971,2022-02-28,27.0
3972,2022-03-01,29.16
3973,2022-03-02,24.12
3974,2022-03-03,23.04
3975,2022-03-04,32.04
3976,2022-03-05,21.96
3977,2022-03-06,23.04
3978,2022-03-07,27.0
3979,2022-03-08,28.08
3980,2022-03-09,25.92
3981,2022-03-10,24.84
3982,2022-03-11,21.96
3983,2022-03-12,20.88
3984,2022-03-13,33.12
3985,2022-03-14,28.08
3986,2022-03-15,24.84
3987,2022-03-16,24.84
3988,2022-03-17,33.12
3989,2022-03-18,28.08
3990,2022-03-19,32.04
3991,2022-03-20,16.92
3992,2022-03-21,33.12
3993,2022-03-22,37.08
3994,2022-03-23,24.12
3995,2022-03-24,15.12
3996,2022-03-25,33.12
3997,2022-03-26,16.92
3998,2022-03-27,29.16
3999,2022-03-28,27.0
4000,2022-03-29,15.12
4001,2022-03-31,37.08
4002,2022-04-01,56.88
4003,2022-04-02,48.96
4004,2022-04-03,36.0
4005,2022-04-04,24.84
4006,2022-04-05,36.0
4007,2022-04-06,30.96
4008,2022-04-07,45.0
4009,2022-04-08,51.12
4010,2022-04-09,39.96
4011,2022-04-10,27.0
4012,2022-04-11,33.12
4013,2022-04-12,25.92
4014,2022-04-13,32.04
4015,2022-04-14,33.84
4016,2022-04-15,28.08
4017,2022-04-16,29.16
4018,2022-04-17,38.88
4019,2022-04-18,36.0
4020,2022-04-19,28.08
4021,2022-04-20,42.84
4022,2022-04-21,20.88
4023,2022-04-22,28.08
4024,2022-04-23,51.12
4025,2022-04-24,37.08
4026,2022-04-25,24.12
4027,2022-04-26,32.04
4028,2022-04-27,27.0
4029,2022-04-28,29.88
4030,2022-04-29,34.92
4031,2022-04-30,38.88
4032,2022-05-01,34.92
4033,2022-05-02,21.96
4034,2022-05-03,20.16
4035,2022-05-04,27.0
4036,2022-05-05,33.12
4037,2022-05-06,27.0
4038,2022-05-07,33.12
4039,2022-05-08,30.96
4040,2022-05-09,32.04
4041,2022-05-10,36.0
4042,2022-05-11,33.12
4043,2022-05-12,33.84
4044,2022-05-13,36.0
4045,2022-05-14,36.0
4046,2022-05-15,33.12
4047,2022-05-16,34.92
4048,2022-05-17,34.92
4049,2022-05-18,37.08
4050,2022-05-19,32.04
4051,2022-05-20,29.16
4052,2022-05-21,33.12
4053,2022-05-22,34.92
4054,2022-05-23,36.0
4055,2022-05-24,23.04
4056,2022-05-25,29.88
4057,2022-05-26,29.16
4058,2022-05-27,24.12
4059,2022-05-28,29.88
4060,2022-05-29,34.92
4061,2022-05-30,38.88
4062,2022-05-31,33.12
4063,2022-06-01,36.0
4064,2022-06-02,33.84
4065,2022-06-03,33.84
4066,2022-06-04,39.96
4067,2022-06-05,41.04
4068,2022-06-06,34.92
4069,2022-06-07,42.12
4070,2022-06-08,38.16
4071,2022-06-09,41.04
4072,2022-06-10,38.16
4073,2022-06-11,36.0
4074,2022-06-12,38.88
4075,2022-06-13,33.12
4076,2022-06-14,33.84
4077,2022-06-15,39.96
4078,2022-06-16,38.16
4079,2022-06-17,36.0
4080,2022-06-18,33.84
4081,2022-06-19,34.92
4082,2022-06-20,34.92
4083,2022-06-21,41.04
4084,2022-06-22,37.08
4085,2022-06-23,30.96
4086,2022-06-24,34.92
4087,2022-06-25,41.04
4088,2022-06-26,33.12
4089,2022-06-27,34.92
4090,2022-06-28,33.12
4091,2022-06-29,34.92
4092,2022-06-30,32.04
4093,2022-07-01,39.96
4094,2022-07-02,39.96
4095,2022-07-03,37.08
4096,2022-07-04,37.08
4097,2022-07-05,45.0
4098,2022-07-06,57.96
4099,2022-07-07,25.92
4100,2022-07-08,37.08
4101,2022-07-09,38.88
4102,2022-07-10,38.88
4103,2022-07-11,38.88
4104,2022-07-12,42.84
4105,2022-07-13,41.04
4106,2022-07-14,37.08
4107,2022-07-15,38.16
4108,2022-07-16,46.08
4109,2022-07-17,36.0
4110,2022-07-18,36.0
4111,2022-07-19,37.08
4112,2022-07-20,34.92
4113,2022-07-21,37.08
4114,2022-07-22,33.84
4115,2022-07-23,38.16
4116,2022-07-24,33.12
4117,2022-07-25,41.04
4118,2022-07-26,36.0
4119,2022-07-27,37.08
4120,2022-07-28,25.92
4121,2022-07-29,65.16
4122,2022-07-30,29.88
4123,2022-07-31,51.12
4124,2022-08-01,34.92
4125,2022-08-02,33.12
4126,2022-08-03,38.16
4127,2022-08-04,34.92
4128,2022-08-05,56.16
4129,2022-08-06,29.16
4130,2022-08-07,39.96
4131,2022-08-08,37.08
4132,2022-08-11,37.08
4133,2022-08-12,37.08
4134,2022-08-13,46.08
4135,2022-08-14,42.84
4136,2022-08-15,33.12
4137,2022-08-16,34.92
4138,2022-08-17,27.0
4139,2022-08-18,33.84
4140,2022-08-19,27.0
4141,2022-08-20,28.08
4142,2022-08-21,38.16
4143,2022-08-22,30.96
4144,2022-08-23,30.96
4145,2022-08-24,36.0
4146,2022-08-25,39.96
4147,2022-08-26,24.84
4148,2022-08-27,32.04
4149,2022-08-28,30.96
4150,2022-08-29,25.92
4151,2022-08-30,27.0
4152,2022-08-31,45.0
4153,2022-09-01,29.88
4154,2022-09-02,32.04
4155,2022-09-03,28.08
4156,2022-09-04,33.12
4157,2022-09-05,33.12
4158,2022-09-06,29.88
4159,2022-09-07,27.0
4160,2022-09-08,27.0
4161,2022-09-09,33.12
4162,2022-09-10,33.12
4163,2022-09-11,30.96
4164,2022-09-12,33.84
4165,2022-09-13,46.08
4166,2022-09-14,24.12
4167,2022-09-15,29.16
4168,2022-09-16,29.16
4169,2022-09-17,30.96
4170,2022-09-18,32.04
4171,2022-09-19,32.04
4172,2022-09-20,32.04
4173,2022-09-21,34.92
4174,2022-09-22,28.08
4175,2022-09-23,61.92
4176,2022-09-24,27.0
4177,2022-09-25,20.16
4178,2022-09-26,38.88
4179,2022-09-27,37.08
4180,2022-09-28,43.92
4181,2022-09-29,43.92
4182,2022-09-30,29.16
4183,2022-10-01,25.92
4184,2022-10-02,24.12
4185,2022-10-03,34.92
4186,2022-10-04,30.96
4187,2022-10-05,32.04
4188,2022-10-06,29.88
4189,2022-10-07,10.08
4190,2022-10-08,16.92
4191,2022-10-09,29.88
4192,2022-10-10,25.92
4193,2022-10-11,19.08
4194,2022-10-12,29.88
4195,2022-10-13,32.04
4196,2022-10-14,20.88
4197,2022-10-15,30.96
4198,2022-10-16,24.12
4199,2022-10-17,28.08
4200,2022-10-18,27.0
4201,2022-10-19,24.84
4202,2022-10-20,16.92
4203,2022-10-21,30.96
4204,2022-10-22,21.96
4205,2022-10-23,18.0
4206,2022-10-24,30.96
4207,2022-10-25,23.04
4208,2022-10-26,16.92
4209,2022-10-27,20.88
4210,2022-10-28,24.12
4211,2022-10-29,25.92
4212,2022-10-30,18.0
4213,2022-10-31,20.88
4214,2022-11-01,28.08
4215,2022-11-02,27.0
4216,2022-11-03,36.0
4217,2022-11-04,48.96
4218,2022-11-05,29.88
4219,2022-11-06,29.88
4220,2022-11-07,20.16
4221,2022-11-08,19.08
4222,2022-11-09,28.08
4223,2022-11-10,25.92
4224,2022-11-11,24.84
4225,2022-11-12,18.0
4226,2022-11-13,21.96
4227,2022-11-14,20.88
4228,2022-11-15,39.96
4229,2022-11-16,33.12
4230,2022-11-17,38.88
4231,2022-11-18,21.96
4232,2022-11-19,29.88
4233,2022-11-20,24.12
4234,2022-11-21,47.88
4235,2022-11-22,52.92
4236,2022-11-23,30.96
4237,2022-11-24,15.84
4238,2022-11-25,36.0
4239,2022-11-26,16.92
4240,2022-11-27,20.16
4241,2022-11-28,29.16
4242,2022-11-29,27.0
4243,2022-11-30,16.92
4244,2022-12-01,15.12
4245,2022-12-02,15.84
4246,2022-12-03,20.88
4247,2022-12-04,23.04
4248,2022-12-05,24.12
4249,2022-12-06,10.08
4250,2022-12-07,12.96
4251,2022-12-08,18.0
4252,2022-12-09,33.12
4253,2022-12-10,36.0
4254,2022-12-11,12.96
4255,2022-12-12,14.04
4256,2022-12-13,20.16
4257,2022-12-14,15.12
4258,2022-12-15,32.04
4259,2022-12-16,25.92
4260,2022-12-17,15.12
4261,2022-12-18,0.0
4262,2022-12-20,11.88
4263,2022-12-21,33.84
4264,2022-12-22,29.16
4265,2022-12-23,34.92
4266,2022-12-24,32.04
4267,2022-12-25,18.0
4268,2022-12-26,16.92
4269,2022-12-27,11.88
4270,2022-12-28,18.0
4271,2022-12-29,24.12
4272,2022-12-30,34.92
4273,2022-12-31,16.92
